Workbook

Sheet CONFIG
A1: Año | B1: 2026
A3: Cómo usar (año a año):
A4: 1) Cambia el año en B1. Todas las hojas de meses se actualizan automáticamente.
A5: 2) En la hoja LECTURAS, completa la tabla usando la clave MM-DD (ej: 01-15).
A6: - Así no tienes que rehacer nada cada año: la clave MM-DD es igual siempre.
A7: 3) Las lecturas se muestran automáticamente en cada día del mes.
A8: 4) El rango de búsqueda está configurado hasta la fila 1000 (puedes ampliarlo si lo necesitas).
A9: 5) Exporta a PDF si quieres imprimir.

Sheet LECTURAS
A1: MM-DD | B1: Lectura | C1: MM-DD
A2: =TRIM(C2) -> 01-01 | B2: Génesis 1–3; Juan 1–2 | C2: 01-01
A3: =TRIM(C3) -> 01-02 | B3: Génesis 4–5; Juan 3 | C3: 01-02
A4: =TRIM(C4) -> 01-03 | B4: Génesis 6–7; Juan 4 | C4: 01-03
A5: =TRIM(C5) -> 01-04 | B5: Génesis 8–9; Juan 5 | C5: 01-04
A6: =TRIM(C6) -> 01-05 | B6: Génesis 10–11; Juan 6 | C6: 01-05
A7: =TRIM(C7) -> 01-06 | B7: Génesis 12–13; Juan 7 | C7: 01-06
A8: =TRIM(C8) -> 01-07 | B8: Génesis 14–15; Juan 8 | C8: 01-07
A9: =TRIM(C9) -> 01-08 | B9: Génesis 16–18; Juan 9–10 | C9: 01-08
A10: =TRIM(C10) -> 01-09 | B10: Génesis 19–20; Juan 11 | C10: 01-09
A11: =TRIM(C11) -> 01-10 | B11: Génesis 21–22; Juan 12 | C11: 01-10
A12: =TRIM(C12) -> 01-11 | B12: Génesis 23–24; Juan 13 | C12: 01-11
A13: =TRIM(C13) -> 01-12 | B13: Génesis 25–26; Juan 14 | C13: 01-12
... A366: =TRIM(C366) -> 12-31 | B366: Apocalipsis 22 | C366: 12-31

Sheet Enero
B2: Enero | K2: 1
B3: Domingo | C3: Lunes | D3: Martes | E3: Miércoles | F3: Jueves | G3: Viernes | H3: Sábado | K3: =DATE(CONFIG!$B$1,$K$2,1) -> 46023
B4: =IF((($I4*7 + COLUMN()-COLUMN($B$4)+1) - $K$4 + 1)<1,"",IF((($I4*7 + COLUMN()-COLUMN($B$4)+1) - $K$4 + 1)>$K$5,"",(($I4*7 + COLUMN()-COLUMN($B$4)+1) - $K$4 + 1))) | C4: =IF((($I4*7 + COLUMN()-COLUMN($B$4)+1) - $K$4 + 1)<1,"",IF((($I4*7 + COLUMN()-COLUMN($B$4)+1) - $K$4 + 1)>$K$5,"",(($I4*7 + COLUMN()-COLUMN($B$4)+1) - $K$4 + 1))) | D4: =IF((($I4*7 + COLUMN()-COLUMN($B$4)+1) - $K$4 + 1)<1,"",IF((($I4*7 + COLUMN()-COLUMN($B$4)+1) - $K$4 + 1)>$K$5,"",(($I4*7 + COLUMN()-COLUMN($B$4)+1) - $K$4 + 1))) | E4: =IF((($I4*7 + COLUMN()-COLUMN($B$4)+1) - $K$4 + 1)<1,"",IF((($I4*7 + COLUMN()-COLUMN($B$4)+1) - $K$4 + 1)>$K$5,"",(($I4*7 + COLUMN()-COLUMN($B$4)+1) - $K$4 + 1))) | F4: =IF((($I4*7 + COLUMN()-COLUMN($B$4)+1) - $K$4 + 1)<1,"",IF((($I4*7 + COLUMN()-COLUMN($B$4)+1) - $K$4 + 1)>$K$5,"",(($I4*7 + COLUMN()-COLUMN($B$4)+1) - $K$4 + 1))) -> 1 | G4: =IF((($I4*7 + COLUMN()-COLUMN($B$4)+1) - $K$4 + 1)<1,"",IF((($I4*7 + COLUMN()-COLUMN($B$4)+1) - $K$4 + 1)>$K$5,"",(($I4*7 + COLUMN()-COLUMN($B$4)+1) - $K$4 + 1))) -> 2 | H4: =IF((($I4*7 + COLUMN()-COLUMN($B$4)+1) - $K$4 + 1)<1,"",IF((($I4*7 + COLUMN()-COLUMN($B$4)+1) - $K$4 + 1)>$K$5,"",(($I4*7 + COLUMN()-COLUMN($B$4)+1) - $K$4 + 1))) -> 3 | I4: 0 | K4: =WEEKDAY($K$3,1) -> 5
B5: =IF(B4="","",IFERROR(VLOOKUP(TEXT(DATE(CONFIG!$B$1,$K$2,B4),"mm-dd"),LECTURAS!$A$2:$B$1000,2,FALSE),"")) | C5: =IF(C4="","",IFERROR(VLOOKUP(TEXT(DATE(CONFIG!$B$1,$K$2,C4),"mm-dd"),LECTURAS!$A$2:$B$1000,2,FALSE),"")) | D5: =IF(D4="","",IFERROR(VLOOKUP(TEXT(DATE(CONFIG!$B$1,$K$2,D4),"mm-dd"),LECTURAS!$A$2:$B$1000,2,FALSE),"")) | E5: =IF(E4="","",IFERROR(VLOOKUP(TEXT(DATE(CONFIG!$B$1,$K$2,E4),"mm-dd"),LECTURAS!$A$2:$B$1000,2,FALSE),"")) | F5: =IF(F4="","",IFERROR(VLOOKUP(TEXT(DATE(CONFIG!$B$1,$K$2,F4),"mm-dd"),LECTURAS!$A$2:$B$1000,2,FALSE),"")) -> Génesis 1–3; Juan 1–2 | G5: =IF(G4="","",IFERROR(VLOOKUP(TEXT(DATE(CONFIG!$B$1,$K$2,G4),"mm-dd"),LECTURAS!$A$2:$B$1000,2,FALSE),"")) -> Génesis 4–5; Juan 3 | H5: =IF(H4="","",IFERROR(VLOOKUP(TEXT(DATE(CONFIG!$B$1,$K$2,H4),"mm-dd"),LECTURAS!$A$2:$B$1000,2,FALSE),"")) -> Génesis 6–7; Juan 4 | I5: 0 | K5: =DAY(EOMONTH($K$3,0)) -> 31
B6: =IF((($I6*7 + COLUMN()-COLUMN($B$6)+1) - $K$4 + 1)<1,"",IF((($I6*7 + COLUMN()-COLUMN($B$6)+1) - $K$4 + 1)>$K$5,"",(($I6*7 + COLUMN()-COLUMN($B$6)+1) - $K$4 + 1))) -> 4 | C6: =IF((($I6*7 + COLUMN()-COLUMN($B$6)+1) - $K$4 + 1)<1,"",IF((($I6*7 + COLUMN()-COLUMN($B$6)+1) - $K$4 + 1)>$K$5,"",(($I6*7 + COLUMN()-COLUMN($B$6)+1) - $K$4 + 1))) -> 5 | D6: =IF((($I6*7 + COLUMN()-COLUMN($B$6)+1) - $K$4 + 1)<1,"",IF((($I6*7 + COLUMN()-COLUMN($B$6)+1) - $K$4 + 1)>$K$5,"",(($I6*7 + COLUMN()-COLUMN($B$6)+1) - $K$4 + 1))) -> 6 | E6: =IF((($I6*7 + COLUMN()-COLUMN($B$6)+1) - $K$4 + 1)<1,"",IF((($I6*7 + COLUMN()-COLUMN($B$6)+1) - $K$4 + 1)>$K$5,"",(($I6*7 + COLUMN()-COLUMN($B$6)+1) - $K$4 + 1))) -> 7 | F6: =IF((($I6*7 + COLUMN()-COLUMN($B$6)+1) - $K$4 + 1)<1,"",IF((($I6*7 + COLUMN()-COLUMN($B$6)+1) - $K$4 + 1)>$K$5,"",(($I6*7 + COLUMN()-COLUMN($B$6)+1) - $K$4 + 1))) -> 8 | G6: =IF((($I6*7 + COLUMN()-COLUMN($B$6)+1) - $K$4 + 1)<1,"",IF((($I6*7 + COLUMN()-COLUMN($B$6)+1) - $K$4 + 1)>$K$5,"",(($I6*7 + COLUMN()-COLUMN($B$6)+1) - $K$4 + 1))) -> 9 | H6: =IF((($I6*7 + COLUMN()-COLUMN($B$6)+1) - $K$4 + 1)<1,"",IF((($I6*7 + COLUMN()-COLUMN($B$6)+1) - $K$4 + 1)>$K$5,"",(($I6*7 + COLUMN()-COLUMN($B$6)+1) - $K$4 + 1))) -> 10 | I6: 1
B7: =IF(B6="","",IFERROR(VLOOKUP(TEXT(DATE(CONFIG!$B$1,$K$2,B6),"mm-dd"),LECTURAS!$A$2:$B$1000,2,FALSE),"")) -> Génesis 8–9; Juan 5 | C7: =IF(C6="","",IFERROR(VLOOKUP(TEXT(DATE(CONFIG!$B$1,$K$2,C6),"mm-dd"),LECTURAS!$A$2:$B$1000,2,FALSE),"")) -> Génesis 10–11; Juan 6 | D7: =IF(D6="","",IFERROR(VLOOKUP(TEXT(DATE(CONFIG!$B$1,$K$2,D6),"mm-dd"),LECTURAS!$A$2:$B$1000,2,FALSE),"")) -> Génesis 12–13; Juan 7 | E7: =IF(E6="","",IFERROR(VLOOKUP(TEXT(DATE(CONFIG!$B$1,$K$2,E6),"mm-dd"),LECTURAS!$A$2:$B$1000,2,FALSE),"")) -> Génesis 14–15; Juan 8 | F7: =IF(F6="","",IFERROR(VLOOKUP(TEXT(DATE(CONFIG!$B$1,$K$2,F6),"mm-dd"),LECTURAS!$A$2:$B$1000,2,FALSE),"")) -> Génesis 16–18; Juan 9–10 | G7: =IF(G6="","",IFERROR(VLOOKUP(TEXT(DATE(CONFIG!$B$1,$K$2,G6),"mm-dd"),LECTURAS!$A$2:$B$1000,2,FALSE),"")) -> Génesis 19–20; Juan 11 | H7: =IF(H6="","",IFERROR(VLOOKUP(TEXT(DATE(CONFIG!$B$1,$K$2,H6),"mm-dd"),LECTURAS!$A$2:$B$1000,2,FALSE),"")) -> Génesis 21–22; Juan 12 | I7: 1
B8: =IF((($I8*7 + COLUMN()-COLUMN($B$8)+1) - $K$4 + 1)<1,"",IF((($I8*7 + COLUMN()-COLUMN($B$8)+1) - $K$4 + 1)>$K$5,"",(($I8*7 + COLUMN()-COLUMN($B$8)+1) - $K$4 + 1))) -> 11 | C8: =IF((($I8*7 + COLUMN()-COLUMN($B$8)+1) - $K$4 + 1)<1,"",IF((($I8*7 + COLUMN()-COLUMN($B$8)+1) - $K$4 + 1)>$K$5,"",(($I8*7 + COLUMN()-COLUMN($B$8)+1) - $K$4 + 1))) -> 12 | D8: =IF((($I8*7 + COLUMN()-COLUMN($B$8)+1) - $K$4 + 1)<1,"",IF((($I8*7 + COLUMN()-COLUMN($B$8)+1) - $K$4 + 1)>$K$5,"",(($I8*7 + COLUMN()-COLUMN($B$8)+1) - $K$4 + 1))) -> 13 | E8: =IF((($I8*7 + COLUMN()-COLUMN($B$8)+1) - $K$4 + 1)<1,"",IF((($I8*7 + COLUMN()-COLUMN($B$8)+1) - $K$4 + 1)>$K$5,"",(($I8*7 + COLUMN()-COLUMN($B$8)+1) - $K$4 + 1))) -> 14 | F8: =IF((($I8*7 + COLUMN()-COLUMN($B$8)+1) - $K$4 + 1)<1,"",IF((($I8*7 + COLUMN()-COLUMN($B$8)+1) - $K$4 + 1)>$K$5,"",(($I8*7 + COLUMN()-COLUMN($B$8)+1) - $K$4 + 1))) -> 15 | G8: =IF((($I8*7 + COLUMN()-COLUMN($B$8)+1) - $K$4 + 1)<1,"",IF((($I8*7 + COLUMN()-COLUMN($B$8)+1) - $K$4 + 1)>$K$5,"",(($I8*7 + COLUMN()-COLUMN($B$8)+1) - $K$4 + 1))) -> 16 | H8: =IF((($I8*7 + COLUMN()-COLUMN($B$8)+1) - $K$4 + 1)<1,"",IF((($I8*7 + COLUMN()-COLUMN($B$8)+1) - $K$4 + 1)>$K$5,"",(($I8*7 + COLUMN()-COLUMN($B$8)+1) - $K$4 + 1))) -> 17 | I8: 2
B9: =IF(B8="","",IFERROR(VLOOKUP(TEXT(DATE(CONFIG!$B$1,$K$2,B8),"mm-dd"),LECTURAS!$A$2:$B$1000,2,FALSE),"")) -> Génesis 23–24; Juan 13 | C9: =IF(C8="","",IFERROR(VLOOKUP(TEXT(DATE(CONFIG!$B$1,$K$2,C8),"mm-dd"),LECTURAS!$A$2:$B$1000,2,FALSE),"")) -> Génesis 25–26; Juan 14 | D9: =IF(D8="","",IFERROR(VLOOKUP(TEXT(DATE(CONFIG!$B$1,$K$2,D8),"mm-dd"),LECTURAS!$A$2:$B$1000,2,FALSE),"")) -> Génesis 27–28; Juan 15 | E9: =IF(E8="","",IFERROR(VLOOKUP(TEXT(DATE(CONFIG!$B$1,$K$2,E8),"mm-dd"),LECTURAS!$A$2:$B$1000,2,FALSE),"")) -> Génesis 29–30; Juan 16 | F9: =IF(F8="","",IFERROR(VLOOKUP(TEXT(DATE(CONFIG!$B$1,$K$2,F8),"mm-dd"),LECTURAS!$A$2:$B$1000,2,FALSE),"")) -> Génesis 31–34; Juan 17 | G9: =IF(G8="","",IFERROR(VLOOKUP(TEXT(DATE(CONFIG!$B$1,$K$2,G8),"mm-dd"),LECTURAS!$A$2:$B$1000,2,FALSE),"")) -> Génesis 35–36; Juan 18 | H9: =IF(H8="","",IFERROR(VLOOKUP(TEXT(DATE(CONFIG!$B$1,$K$2,H8),"mm-dd"),LECTURAS!$A$2:$B$1000,2,FALSE),"")) -> Génesis 37–38; Juan 19 | I9: 2
B10: =IF((($I10*7 + COLUMN()-COLUMN($B$10)+1) - $K$4 + 1)<1,"",IF((($I10*7 + COLUMN()-COLUMN($B$10)+1) - $K$4 + 1)>$K$5,"",(($I10*7 + COLUMN()-COLUMN($B$10)+1) - $K$4 + 1))) -> 18 | C10: =IF((($I10*7 + COLUMN()-COLUMN($B$10)+1) - $K$4 + 1)<1,"",IF((($I10*7 + COLUMN()-COLUMN($B$10)+1) - $K$4 + 1)>$K$5,"",(($I10*7 + COLUMN()-COLUMN($B$10)+1) - $K$4 + 1))) -> 19 | D10: =IF((($I10*7 + COLUMN()-COLUMN($B$10)+1) - $K$4 + 1)<1,"",IF((($I10*7 + COLUMN()-COLUMN($B$10)+1) - $K$4 + 1)>$K$5,"",(($I10*7 + COLUMN()-COLUMN($B$10)+1) - $K$4 + 1))) -> 20 | E10: =IF((($I10*7 + COLUMN()-COLUMN($B$10)+1) - $K$4 + 1)<1,"",IF((($I10*7 + COLUMN()-COLUMN($B$10)+1) - $K$4 + 1)>$K$5,"",(($I10*7 + COLUMN()-COLUMN($B$10)+1) - $K$4 + 1))) -> 21 | F10: =IF((($I10*7 + COLUMN()-COLUMN($B$10)+1) - $K$4 + 1)<1,"",IF((($I10*7 + COLUMN()-COLUMN($B$10)+1) - $K$4 + 1)>$K$5,"",(($I10*7 + COLUMN()-COLUMN($B$10)+1) - $K$4 + 1))) -> 22 | G10: =IF((($I10*7 + COLUMN()-COLUMN($B$10)+1) - $K$4 + 1)<1,"",IF((($I10*7 + COLUMN()-COLUMN($B$10)+1) - $K$4 + 1)>$K$5,"",(($I10*7 + COLUMN()-COLUMN($B$10)+1) - $K$4 + 1))) -> 23 | H10: =IF((($I10*7 + COLUMN()-COLUMN($B$10)+1) - $K$4 + 1)<1,"",IF((($I10*7 + COLUMN()-COLUMN($B$10)+1) - $K$4 + 1)>$K$5,"",(($I10*7 + COLUMN()-COLUMN($B$10)+1) - $K$4 + 1))) -> 24 | I10: 3
B11: =IF(B10="","",IFERROR(VLOOKUP(TEXT(DATE(CONFIG!$B$1,$K$2,B10),"mm-dd"),LECTURAS!$A$2:$B$1000,2,FALSE),"")) -> Génesis 39–40; Juan 20 | C11: =IF(C10="","",IFERROR(VLOOKUP(TEXT(DATE(CONFIG!$B$1,$K$2,C10),"mm-dd"),LECTURAS!$A$2:$B$1000,2,FALSE),"")) -> Génesis 41–42; Juan 21 | D11: =IF(D10="","",IFERROR(VLOOKUP(TEXT(DATE(CONFIG!$B$1,$K$2,D10),"mm-dd"),LECTURAS!$A$2:$B$1000,2,FALSE),"")) -> Génesis 43–45 | E11: =IF(E10="","",IFERROR(VLOOKUP(TEXT(DATE(CONFIG!$B$1,$K$2,E10),"mm-dd"),LECTURAS!$A$2:$B$1000,2,FALSE),"")) -> Génesis 46–48 | F11: =IF(F10="","",IFERROR(VLOOKUP(TEXT(DATE(CONFIG!$B$1,$K$2,F10),"mm-dd"),LECTURAS!$A$2:$B$1000,2,FALSE),"")) -> Génesis 49–50; Éxodo 1–3 | G11: =IF(G10="","",IFERROR(VLOOKUP(TEXT(DATE(CONFIG!$B$1,$K$2,G10),"mm-dd"),LECTURAS!$A$2:$B$1000,2,FALSE),"")) -> Éxodo 4–5; Romanos 1 | H11: =IF(H10="","",IFERROR(VLOOKUP(TEXT(DATE(CONFIG!$B$1,$K$2,H10),"mm-dd"),LECTURAS!$A$2:$B$1000,2,FALSE),"")) -> Éxodo 6–7; Romanos 2 | I11: 3
B12: =IF((($I12*7 + COLUMN()-COLUMN($B$12)+1) - $K$4 + 1)<1,"",IF((($I12*7 + COLUMN()-COLUMN($B$12)+1) - $K$4 + 1)>$K$5,"",(($I12*7 + COLUMN()-COLUMN($B$12)+1) - $K$4 + 1))) -> 25 | C12: =IF((($I12*7 + COLUMN()-COLUMN($B$12)+1) - $K$4 + 1)<1,"",IF((($I12*7 + COLUMN()-COLUMN($B$12)+1) - $K$4 + 1)>$K$5,"",(($I12*7 + COLUMN()-COLUMN($B$12)+1) - $K$4 + 1))) -> 26 | D12: =IF((($I12*7 + COLUMN()-COLUMN($B$12)+1) - $K$4 + 1)<1,"",IF((($I12*7 + COLUMN()-COLUMN($B$12)+1) - $K$4 + 1)>$K$5,"",(($I12*7 + COLUMN()-COLUMN($B$12)+1) - $K$4 + 1))) -> 27 | E12: =IF((($I12*7 + COLUMN()-COLUMN($B$12)+1) - $K$4 + 1)<1,"",IF((($I12*7 + COLUMN()-COLUMN($B$12)+1) - $K$4 + 1)>$K$5,"",(($I12*7 + COLUMN()-COLUMN($B$12)+1) - $K$4 + 1))) -> 28 | F12: =IF((($I12*7 + COLUMN()-COLUMN($B$12)+1) - $K$4 + 1)<1,"",IF((($I12*7 + COLUMN()-COLUMN($B$12)+1) - $K$4 + 1)>$K$5,"",(($I12*7 + COLUMN()-COLUMN($B$12)+1) - $K$4 + 1))) -> 29 | G12: =IF((($I12*7 + COLUMN()-COLUMN($B$12)+1) - $K$4 + 1)<1,"",IF((($I12*7 + COLUMN()-COLUMN($B$12)+1) - $K$4 + 1)>$K$5,"",(($I12*7 + COLUMN()-COLUMN($B$12)+1) - $K$4 + 1))) -> 30 | H12: =IF((($I12*7 + COLUMN()-COLUMN($B$12)+1) - $K$4 + 1)<1,"",IF((($I12*7 + COLUMN()-COLUMN($B$12)+1) - $K$4 + 1)>$K$5,"",(($I12*7 + COLUMN()-COLUMN($B$12)+1) - $K$4 + 1))) -> 31 | I12: 4
B13: =IF(B12="","",IFERROR(VLOOKUP(TEXT(DATE(CONFIG!$B$1,$K$2,B12),"mm-dd"),LECTURAS!$A$2:$B$1000,2,FALSE),"")) -> Éxodo 8–9; Romanos 3 | C13: =IF(C12="","",IFERROR(VLOOKUP(TEXT(DATE(CONFIG!$B$1,$K$2,C12),"mm-dd"),LECTURAS!$A$2:$B$1000,2,FALSE),"")) -> Éxodo 10–11; Romanos 4 | D13: =IF(D12="","",IFERROR(VLOOKUP(TEXT(DATE(CONFIG!$B$1,$K$2,D12),"mm-dd"),LECTURAS!$A$2:$B$1000,2,FALSE),"")) -> Éxodo 12–13; Romanos 5 | E13: =IF(E12="","",IFERROR(VLOOKUP(TEXT(DATE(CONFIG!$B$1,$K$2,E12),"mm-dd"),LECTURAS!$A$2:$B$1000,2,FALSE),"")) -> Éxodo 14–15; Romanos 6 | F13: =IF(F12="","",IFERROR(VLOOKUP(TEXT(DATE(CONFIG!$B$1,$K$2,F12),"mm-dd"),LECTURAS!$A$2:$B$1000,2,FALSE),"")) -> Éxodo 16–20 | G13: =IF(G12="","",IFERROR(VLOOKUP(TEXT(DATE(CONFIG!$B$1,$K$2,G12),"mm-dd"),LECTURAS!$A$2:$B$1000,2,FALSE),"")) -> Éxodo 21–22; Romanos 7 | H13: =IF(H12="","",IFERROR(VLOOKUP(TEXT(DATE(CONFIG!$B$1,$K$2,H12),"mm-dd"),LECTURAS!$A$2:$B$1000,2,FALSE),"")) -> Éxodo 23–24; Romanos 8 | I13: 4
B14: =IF((($I14*7 + COLUMN()-COLUMN($B$14)+1) - $K$4 + 1)<1,"",IF((($I14*7 + COLUMN()-COLUMN($B$14)+1) - $K$4 + 1)>$K$5,"",(($I14*7 + COLUMN()-COLUMN($B$14)+1) - $K$4 + 1))) | C14: =IF((($I14*7 + COLUMN()-COLUMN($B$14)+1) - $K$4 + 1)<1,"",IF((($I14*7 + COLUMN()-COLUMN($B$14)+1) - $K$4 + 1)>$K$5,"",(($I14*7 + COLUMN()-COLUMN($B$14)+1) - $K$4 + 1))) | D14: =IF((($I14*7 + COLUMN()-COLUMN($B$14)+1) - $K$4 + 1)<1,"",IF((($I14*7 + COLUMN()-COLUMN($B$14)+1) - $K$4 + 1)>$K$5,"",(($I14*7 + COLUMN()-COLUMN($B$14)+1) - $K$4 + 1))) | E14: =IF((($I14*7 + COLUMN()-COLUMN($B$14)+1) - $K$4 + 1)<1,"",IF((($I14*7 + COLUMN()-COLUMN($B$14)+1) - $K$4 + 1)>$K$5,"",(($I14*7 + COLUMN()-COLUMN($B$14)+1) - $K$4 + 1))) | F14: =IF((($I14*7 + COLUMN()-COLUMN($B$14)+1) - $K$4 + 1)<1,"",IF((($I14*7 + COLUMN()-COLUMN($B$14)+1) - $K$4 + 1)>$K$5,"",(($I14*7 + COLUMN()-COLUMN($B$14)+1) - $K$4 + 1))) | G14: =IF((($I14*7 + COLUMN()-COLUMN($B$14)+1) - $K$4 + 1)<1,"",IF((($I14*7 + COLUMN()-COLUMN($B$14)+1) - $K$4 + 1)>$K$5,"",(($I14*7 + COLUMN()-COLUMN($B$14)+1) - $K$4 + 1))) | H14: =IF((($I14*7 + COLUMN()-COLUMN($B$14)+1) - $K$4 + 1)<1,"",IF((($I14*7 + COLUMN()-COLUMN($B$14)+1) - $K$4 + 1)>$K$5,"",(($I14*7 + COLUMN()-COLUMN($B$14)+1) - $K$4 + 1))) | I14: 5
B15: =IF(B14="","",IFERROR(VLOOKUP(TEXT(DATE(CONFIG!$B$1,$K$2,B14),"mm-dd"),LECTURAS!$A$2:$B$1000,2,FALSE),"")) | C15: =IF(C14="","",IFERROR(VLOOKUP(TEXT(DATE(CONFIG!$B$1,$K$2,C14),"mm-dd"),LECTURAS!$A$2:$B$1000,2,FALSE),"")) | D15: =IF(D14="","",IFERROR(VLOOKUP(TEXT(DATE(CONFIG!$B$1,$K$2,D14),"mm-dd"),LECTURAS!$A$2:$B$1000,2,FALSE),"")) | E15: =IF(E14="","",IFERROR(VLOOKUP(TEXT(DATE(CONFIG!$B$1,$K$2,E14),"mm-dd"),LECTURAS!$A$2:$B$1000,2,FALSE),"")) | F15: =IF(F14="","",IFERROR(VLOOKUP(TEXT(DATE(CONFIG!$B$1,$K$2,F14),"mm-dd"),LECTURAS!$A$2:$B$1000,2,FALSE),"")) | G15: =IF(G14="","",IFERROR(VLOOKUP(TEXT(DATE(CONFIG!$B$1,$K$2,G14),"mm-dd"),LECTURAS!$A$2:$B$1000,2,FALSE),"")) | H15: =IF(H14="","",IFERROR(VLOOKUP(TEXT(DATE(CONFIG!$B$1,$K$2,H14),"mm-dd"),LECTURAS!$A$2:$B$1000,2,FALSE),"")) | I15: 5

Sheet Febrero
B2: Febrero | K2: 2
B3: Domingo | C3: Lunes | D3: Martes | E3: Miércoles | F3: Jueves | G3: Viernes | H3: Sábado | K3: =DATE(CONFIG!$B$1,$K$2,1) -> 46054
B4: =IF((($I4*7 + COLUMN()-COLUMN($B$4)+1) - $K$4 + 1)<1,"",IF((($I4*7 + COLUMN()-COLUMN($B$4)+1) - $K$4 + 1)>$K$5,"",(($I4*7 + COLUMN()-COLUMN($B$4)+1) - $K$4 + 1))) -> 1 | C4: =IF((($I4*7 + COLUMN()-COLUMN($B$4)+1) - $K$4 + 1)<1,"",IF((($I4*7 + COLUMN()-COLUMN($B$4)+1) - $K$4 + 1)>$K$5,"",(($I4*7 + COLUMN()-COLUMN($B$4)+1) - $K$4 + 1))) -> 2 | D4: =IF((($I4*7 + COLUMN()-COLUMN($B$4)+1) - $K$4 + 1)<1,"",IF((($I4*7 + COLUMN()-COLUMN($B$4)+1) - $K$4 + 1)>$K$5,"",(($I4*7 + COLUMN()-COLUMN($B$4)+1) - $K$4 + 1))) -> 3 | E4: =IF((($I4*7 + COLUMN()-COLUMN($B$4)+1) - $K$4 + 1)<1,"",IF((($I4*7 + COLUMN()-COLUMN($B$4)+1) - $K$4 + 1)>$K$5,"",(($I4*7 + COLUMN()-COLUMN($B$4)+1) - $K$4 + 1))) -> 4 | F4: =IF((($I4*7 + COLUMN()-COLUMN($B$4)+1) - $K$4 + 1)<1,"",IF((($I4*7 + COLUMN()-COLUMN($B$4)+1) - $K$4 + 1)>$K$5,"",(($I4*7 + COLUMN()-COLUMN($B$4)+1) - $K$4 + 1))) -> 5 | G4: =IF((($I4*7 + COLUMN()-COLUMN($B$4)+1) - $K$4 + 1)<1,"",IF((($I4*7 + COLUMN()-COLUMN($B$4)+1) - $K$4 + 1)>$K$5,"",(($I4*7 + COLUMN()-COLUMN($B$4)+1) - $K$4 + 1))) -> 6 | H4: =IF((($I4*7 + COLUMN()-COLUMN($B$4)+1) - $K$4 + 1)<1,"",IF((($I4*7 + COLUMN()-COLUMN($B$4)+1) - $K$4 + 1)>$K$5,"",(($I4*7 + COLUMN()-COLUMN($B$4)+1) - $K$4 + 1))) -> 7 | I4: 0 | K4: =WEEKDAY($K$3,1) -> 1
B5: =IF(B4="","",IFERROR(VLOOKUP(TEXT(DATE(CONFIG!$B$1,$K$2,B4),"mm-dd"),LECTURAS!$A$2:$B$1000,2,FALSE),"")) -> Éxodo 25–26; Romanos 9 | C5: =IF(C4="","",IFERROR(VLOOKUP(TEXT(DATE(CONFIG!$B$1,$K$2,C4),"mm-dd"),LECTURAS!$A$2:$B$1000,2,FALSE),"")) -> Éxodo 27–28; Romanos 10 | D5: =IF(D4="","",IFERROR(VLOOKUP(TEXT(DATE(CONFIG!$B$1,$K$2,D4),"mm-dd"),LECTURAS!$A$2:$B$1000,2,FALSE),"")) -> Éxodo 29–30; Romanos 11 | E5: =IF(E4="","",IFERROR(VLOOKUP(TEXT(DATE(CONFIG!$B$1,$K$2,E4),"mm-dd"),LECTURAS!$A$2:$B$1000,2,FALSE),"")) -> Éxodo 31–32; Romanos 12 | F5: =IF(F4="","",IFERROR(VLOOKUP(TEXT(DATE(CONFIG!$B$1,$K$2,F4),"mm-dd"),LECTURAS!$A$2:$B$1000,2,FALSE),"")) -> Éxodo 33–36; Romanos 13 | G5: =IF(G4="","",IFERROR(VLOOKUP(TEXT(DATE(CONFIG!$B$1,$K$2,G4),"mm-dd"),LECTURAS!$A$2:$B$1000,2,FALSE),"")) -> Éxodo 37–38; Romanos 14 | H5: =IF(H4="","",IFERROR(VLOOKUP(TEXT(DATE(CONFIG!$B$1,$K$2,H4),"mm-dd"),LECTURAS!$A$2:$B$1000,2,FALSE),"")) -> Éxodo 39–40; Romanos 15 | I5: 0 | K5: =DAY(EOMONTH($K$3,0)) -> 28
B6: =IF((($I6*7 + COLUMN()-COLUMN($B$6)+1) - $K$4 + 1)<1,"",IF((($I6*7 + COLUMN()-COLUMN($B$6)+1) - $K$4 + 1)>$K$5,"",(($I6*7 + COLUMN()-COLUMN($B$6)+1) - $K$4 + 1))) -> 8 | C6: =IF((($I6*7 + COLUMN()-COLUMN($B$6)+1) - $K$4 + 1)<1,"",IF((($I6*7 + COLUMN()-COLUMN($B$6)+1) - $K$4 + 1)>$K$5,"",(($I6*7 + COLUMN()-COLUMN($B$6)+1) - $K$4 + 1))) -> 9 | D6: =IF((($I6*7 + COLUMN()-COLUMN($B$6)+1) - $K$4 + 1)<1,"",IF((($I6*7 + COLUMN()-COLUMN($B$6)+1) - $K$4 + 1)>$K$5,"",(($I6*7 + COLUMN()-COLUMN($B$6)+1) - $K$4 + 1))) -> 10 | E6: =IF((($I6*7 + COLUMN()-COLUMN($B$6)+1) - $K$4 + 1)<1,"",IF((($I6*7 + COLUMN()-COLUMN($B$6)+1) - $K$4 + 1)>$K$5,"",(($I6*7 + COLUMN()-COLUMN($B$6)+1) - $K$4 + 1))) -> 11 | F6: =IF((($I6*7 + COLUMN()-COLUMN($B$6)+1) - $K$4 + 1)<1,"",IF((($I6*7 + COLUMN()-COLUMN($B$6)+1) - $K$4 + 1)>$K$5,"",(($I6*7 + COLUMN()-COLUMN($B$6)+1) - $K$4 + 1))) -> 12 | G6: =IF((($I6*7 + COLUMN()-COLUMN($B$6)+1) - $K$4 + 1)<1,"",IF((($I6*7 + COLUMN()-COLUMN($B$6)+1) - $K$4 + 1)>$K$5,"",(($I6*7 + COLUMN()-COLUMN($B$6)+1) - $K$4 + 1))) -> 13 | H6: =IF((($I6*7 + COLUMN()-COLUMN($B$6)+1) - $K$4 + 1)<1,"",IF((($I6*7 + COLUMN()-COLUMN($B$6)+1) - $K$4 + 1)>$K$5,"",(($I6*7 + COLUMN()-COLUMN($B$6)+1) - $K$4 + 1))) -> 14 | I6: 1
B7: =IF(B6="","",IFERROR(VLOOKUP(TEXT(DATE(CONFIG!$B$1,$K$2,B6),"mm-dd"),LECTURAS!$A$2:$B$1000,2,FALSE),"")) -> Levítico 1–2; Romanos 16 | C7: =IF(C6="","",IFERROR(VLOOKUP(TEXT(DATE(CONFIG!$B$1,$K$2,C6),"mm-dd"),LECTURAS!$A$2:$B$1000,2,FALSE),"")) -> Levítico 3–4; Hebreos 1 | D7: =IF(D6="","",IFERROR(VLOOKUP(TEXT(DATE(CONFIG!$B$1,$K$2,D6),"mm-dd"),LECTURAS!$A$2:$B$1000,2,FALSE),"")) -> Levítico 5–6; Hebreos 2 | E7: =IF(E6="","",IFERROR(VLOOKUP(TEXT(DATE(CONFIG!$B$1,$K$2,E6),"mm-dd"),LECTURAS!$A$2:$B$1000,2,FALSE),"")) -> Levítico 7–8; Hebreos 3 | F7: =IF(F6="","",IFERROR(VLOOKUP(TEXT(DATE(CONFIG!$B$1,$K$2,F6),"mm-dd"),LECTURAS!$A$2:$B$1000,2,FALSE),"")) -> Levítico 9–12; Hebreos 4 | G7: =IF(G6="","",IFERROR(VLOOKUP(TEXT(DATE(CONFIG!$B$1,$K$2,G6),"mm-dd"),LECTURAS!$A$2:$B$1000,2,FALSE),"")) -> Levítico 13–14; Hebreos 5 | H7: =IF(H6="","",IFERROR(VLOOKUP(TEXT(DATE(CONFIG!$B$1,$K$2,H6),"mm-dd"),LECTURAS!$A$2:$B$1000,2,FALSE),"")) -> Levítico 15–16; Hebreos 6 | I7: 1
B8: =IF((($I8*7 + COLUMN()-COLUMN($B$8)+1) - $K$4 + 1)<1,"",IF((($I8*7 + COLUMN()-COLUMN($B$8)+1) - $K$4 + 1)>$K$5,"",(($I8*7 + COLUMN()-COLUMN($B$8)+1) - $K$4 + 1))) -> 15 | C8: =IF((($I8*7 + COLUMN()-COLUMN($B$8)+1) - $K$4 + 1)<1,"",IF((($I8*7 + COLUMN()-COLUMN($B$8)+1) - $K$4 + 1)>$K$5,"",(($I8*7 + COLUMN()-COLUMN($B$8)+1) - $K$4 + 1))) -> 16 | D8: =IF((($I8*7 + COLUMN()-COLUMN($B$8)+1) - $K$4 + 1)<1,"",IF((($I8*7 + COLUMN()-COLUMN($B$8)+1) - $K$4 + 1)>$K$5,"",(($I8*7 + COLUMN()-COLUMN($B$8)+1) - $K$4 + 1))) -> 17 | E8: =IF((($I8*7 + COLUMN()-COLUMN($B$8)+1) - $K$4 + 1)<1,"",IF((($I8*7 + COLUMN()-COLUMN($B$8)+1) - $K$4 + 1)>$K$5,"",(($I8*7 + COLUMN()-COLUMN($B$8)+1) - $K$4 + 1))) -> 18 | F8: =IF((($I8*7 + COLUMN()-COLUMN($B$8)+1) - $K$4 + 1)<1,"",IF((($I8*7 + COLUMN()-COLUMN($B$8)+1) - $K$4 + 1)>$K$5,"",(($I8*7 + COLUMN()-COLUMN($B$8)+1) - $K$4 + 1))) -> 19 | G8: =IF((($I8*7 + COLUMN()-COLUMN($B$8)+1) - $K$4 + 1)<1,"",IF((($I8*7 + COLUMN()-COLUMN($B$8)+1) - $K$4 + 1)>$K$5,"",(($I8*7 + COLUMN()-COLUMN($B$8)+1) - $K$4 + 1))) -> 20 | H8: =IF((($I8*7 + COLUMN()-COLUMN($B$8)+1) - $K$4 + 1)<1,"",IF((($I8*7 + COLUMN()-COLUMN($B$8)+1) - $K$4 + 1)>$K$5,"",(($I8*7 + COLUMN()-COLUMN($B$8)+1) - $K$4 + 1))) -> 21 | I8: 2
B9: =IF(B8="","",IFERROR(VLOOKUP(TEXT(DATE(CONFIG!$B$1,$K$2,B8),"mm-dd"),LECTURAS!$A$2:$B$1000,2,FALSE),"")) -> Levítico 17–18; Hebreos 7 | C9: =IF(C8="","",IFERROR(VLOOKUP(TEXT(DATE(CONFIG!$B$1,$K$2,C8),"mm-dd"),LECTURAS!$A$2:$B$1000,2,FALSE),"")) -> Levítico 19–20; Hebreos 8 | D9: =IF(D8="","",IFERROR(VLOOKUP(TEXT(DATE(CONFIG!$B$1,$K$2,D8),"mm-dd"),LECTURAS!$A$2:$B$1000,2,FALSE),"")) -> Levítico 21–23; Hebreos 9 | E9: =IF(E8="","",IFERROR(VLOOKUP(TEXT(DATE(CONFIG!$B$1,$K$2,E8),"mm-dd"),LECTURAS!$A$2:$B$1000,2,FALSE),"")) -> Levítico 24–25; Hebreos 10–11 | F9: =IF(F8="","",IFERROR(VLOOKUP(TEXT(DATE(CONFIG!$B$1,$K$2,F8),"mm-dd"),LECTURAS!$A$2:$B$1000,2,FALSE),"")) -> Levítico 26–27; Hebreos 12–13 | G9: =IF(G8="","",IFERROR(VLOOKUP(TEXT(DATE(CONFIG!$B$1,$K$2,G8),"mm-dd"),LECTURAS!$A$2:$B$1000,2,FALSE),"")) -> Números 1–2; Hechos 1 | H9: =IF(H8="","",IFERROR(VLOOKUP(TEXT(DATE(CONFIG!$B$1,$K$2,H8),"mm-dd"),LECTURAS!$A$2:$B$1000,2,FALSE),"")) -> Números 3–4; Hechos 2 | I9: 2
B10: =IF((($I10*7 + COLUMN()-COLUMN($B$10)+1) - $K$4 + 1)<1,"",IF((($I10*7 + COLUMN()-COLUMN($B$10)+1) - $K$4 + 1)>$K$5,"",(($I10*7 + COLUMN()-COLUMN($B$10)+1) - $K$4 + 1))) -> 22 | C10: =IF((($I10*7 + COLUMN()-COLUMN($B$10)+1) - $K$4 + 1)<1,"",IF((($I10*7 + COLUMN()-COLUMN($B$10)+1) - $K$4 + 1)>$K$5,"",(($I10*7 + COLUMN()-COLUMN($B$10)+1) - $K$4 + 1))) -> 23 | D10: =IF((($I10*7 + COLUMN()-COLUMN($B$10)+1) - $K$4 + 1)<1,"",IF((($I10*7 + COLUMN()-COLUMN($B$10)+1) - $K$4 + 1)>$K$5,"",(($I10*7 + COLUMN()-COLUMN($B$10)+1) - $K$4 + 1))) -> 24 | E10: =IF((($I10*7 + COLUMN()-COLUMN($B$10)+1) - $K$4 + 1)<1,"",IF((($I10*7 + COLUMN()-COLUMN($B$10)+1) - $K$4 + 1)>$K$5,"",(($I10*7 + COLUMN()-COLUMN($B$10)+1) - $K$4 + 1))) -> 25 | F10: =IF((($I10*7 + COLUMN()-COLUMN($B$10)+1) - $K$4 + 1)<1,"",IF((($I10*7 + COLUMN()-COLUMN($B$10)+1) - $K$4 + 1)>$K$5,"",(($I10*7 + COLUMN()-COLUMN($B$10)+1) - $K$4 + 1))) -> 26 | G10: =IF((($I10*7 + COLUMN()-COLUMN($B$10)+1) - $K$4 + 1)<1,"",IF((($I10*7 + COLUMN()-COLUMN($B$10)+1) - $K$4 + 1)>$K$5,"",(($I10*7 + COLUMN()-COLUMN($B$10)+1) - $K$4 + 1))) -> 27 | H10: =IF((($I10*7 + COLUMN()-COLUMN($B$10)+1) - $K$4 + 1)<1,"",IF((($I10*7 + COLUMN()-COLUMN($B$10)+1) - $K$4 + 1)>$K$5,"",(($I10*7 + COLUMN()-COLUMN($B$10)+1) - $K$4 + 1))) -> 28 | I10: 3
B11: =IF(B10="","",IFERROR(VLOOKUP(TEXT(DATE(CONFIG!$B$1,$K$2,B10),"mm-dd"),LECTURAS!$A$2:$B$1000,2,FALSE),"")) -> Números 5–6; Hechos 3 | C11: =IF(C10="","",IFERROR(VLOOKUP(TEXT(DATE(CONFIG!$B$1,$K$2,C10),"mm-dd"),LECTURAS!$A$2:$B$1000,2,FALSE),"")) -> Números 7–8; Hechos 4 | D11: =IF(D10="","",IFERROR(VLOOKUP(TEXT(DATE(CONFIG!$B$1,$K$2,D10),"mm-dd"),LECTURAS!$A$2:$B$1000,2,FALSE),"")) -> Números 9–10; Hechos 5 | E11: =IF(E10="","",IFERROR(VLOOKUP(TEXT(DATE(CONFIG!$B$1,$K$2,E10),"mm-dd"),LECTURAS!$A$2:$B$1000,2,FALSE),"")) -> Números 11–12; Hechos 6–7 | F11: =IF(F10="","",IFERROR(VLOOKUP(TEXT(DATE(CONFIG!$B$1,$K$2,F10),"mm-dd"),LECTURAS!$A$2:$B$1000,2,FALSE),"")) -> Números 13–14; Hechos 8–9 | G11: =IF(G10="","",IFERROR(VLOOKUP(TEXT(DATE(CONFIG!$B$1,$K$2,G10),"mm-dd"),LECTURAS!$A$2:$B$1000,2,FALSE),"")) -> Números 15–16; Hechos 10 | H11: =IF(H10="","",IFERROR(VLOOKUP(TEXT(DATE(CONFIG!$B$1,$K$2,H10),"mm-dd"),LECTURAS!$A$2:$B$1000,2,FALSE),"")) -> Números 17–18; Hechos 11 | I11: 3
B12: =IF((($I12*7 + COLUMN()-COLUMN($B$12)+1) - $K$4 + 1)<1,"",IF((($I12*7 + COLUMN()-COLUMN($B$12)+1) - $K$4 + 1)>$K$5,"",(($I12*7 + COLUMN()-COLUMN($B$12)+1) - $K$4 + 1))) | C12: =IF((($I12*7 + COLUMN()-COLUMN($B$12)+1) - $K$4 + 1)<1,"",IF((($I12*7 + COLUMN()-COLUMN($B$12)+1) - $K$4 + 1)>$K$5,"",(($I12*7 + COLUMN()-COLUMN($B$12)+1) - $K$4 + 1))) | D12: =IF((($I12*7 + COLUMN()-COLUMN($B$12)+1) - $K$4 + 1)<1,"",IF((($I12*7 + COLUMN()-COLUMN($B$12)+1) - $K$4 + 1)>$K$5,"",(($I12*7 + COLUMN()-COLUMN($B$12)+1) - $K$4 + 1))) | E12: =IF((($I12*7 + COLUMN()-COLUMN($B$12)+1) - $K$4 + 1)<1,"",IF((($I12*7 + COLUMN()-COLUMN($B$12)+1) - $K$4 + 1)>$K$5,"",(($I12*7 + COLUMN()-COLUMN($B$12)+1) - $K$4 + 1))) | F12: =IF((($I12*7 + COLUMN()-COLUMN($B$12)+1) - $K$4 + 1)<1,"",IF((($I12*7 + COLUMN()-COLUMN($B$12)+1) - $K$4 + 1)>$K$5,"",(($I12*7 + COLUMN()-COLUMN($B$12)+1) - $K$4 + 1))) | G12: =IF((($I12*7 + COLUMN()-COLUMN($B$12)+1) - $K$4 + 1)<1,"",IF((($I12*7 + COLUMN()-COLUMN($B$12)+1) - $K$4 + 1)>$K$5,"",(($I12*7 + COLUMN()-COLUMN($B$12)+1) - $K$4 + 1))) | H12: =IF((($I12*7 + COLUMN()-COLUMN($B$12)+1) - $K$4 + 1)<1,"",IF((($I12*7 + COLUMN()-COLUMN($B$12)+1) - $K$4 + 1)>$K$5,"",(($I12*7 + COLUMN()-COLUMN($B$12)+1) - $K$4 + 1))) | I12: 4
B13: =IF(B12="","",IFERROR(VLOOKUP(TEXT(DATE(CONFIG!$B$1,$K$2,B12),"mm-dd"),LECTURAS!$A$2:$B$1000,2,FALSE),"")) | C13: =IF(C12="","",IFERROR(VLOOKUP(TEXT(DATE(CONFIG!$B$1,$K$2,C12),"mm-dd"),LECTURAS!$A$2:$B$1000,2,FALSE),"")) | D13: =IF(D12="","",IFERROR(VLOOKUP(TEXT(DATE(CONFIG!$B$1,$K$2,D12),"mm-dd"),LECTURAS!$A$2:$B$1000,2,FALSE),"")) | E13: =IF(E12="","",IFERROR(VLOOKUP(TEXT(DATE(CONFIG!$B$1,$K$2,E12),"mm-dd"),LECTURAS!$A$2:$B$1000,2,FALSE),"")) | F13: =IF(F12="","",IFERROR(VLOOKUP(TEXT(DATE(CONFIG!$B$1,$K$2,F12),"mm-dd"),LECTURAS!$A$2:$B$1000,2,FALSE),"")) | G13: =IF(G12="","",IFERROR(VLOOKUP(TEXT(DATE(CONFIG!$B$1,$K$2,G12),"mm-dd"),LECTURAS!$A$2:$B$1000,2,FALSE),"")) | H13: =IF(H12="","",IFERROR(VLOOKUP(TEXT(DATE(CONFIG!$B$1,$K$2,H12),"mm-dd"),LECTURAS!$A$2:$B$1000,2,FALSE),"")) | I13: 4
B14: =IF((($I14*7 + COLUMN()-COLUMN($B$14)+1) - $K$4 + 1)<1,"",IF((($I14*7 + COLUMN()-COLUMN($B$14)+1) - $K$4 + 1)>$K$5,"",(($I14*7 + COLUMN()-COLUMN($B$14)+1) - $K$4 + 1))) | C14: =IF((($I14*7 + COLUMN()-COLUMN($B$14)+1) - $K$4 + 1)<1,"",IF((($I14*7 + COLUMN()-COLUMN($B$14)+1) - $K$4 + 1)>$K$5,"",(($I14*7 + COLUMN()-COLUMN($B$14)+1) - $K$4 + 1))) | D14: =IF((($I14*7 + COLUMN()-COLUMN($B$14)+1) - $K$4 + 1)<1,"",IF((($I14*7 + COLUMN()-COLUMN($B$14)+1) - $K$4 + 1)>$K$5,"",(($I14*7 + COLUMN()-COLUMN($B$14)+1) - $K$4 + 1))) | E14: =IF((($I14*7 + COLUMN()-COLUMN($B$14)+1) - $K$4 + 1)<1,"",IF((($I14*7 + COLUMN()-COLUMN($B$14)+1) - $K$4 + 1)>$K$5,"",(($I14*7 + COLUMN()-COLUMN($B$14)+1) - $K$4 + 1))) | F14: =IF((($I14*7 + COLUMN()-COLUMN($B$14)+1) - $K$4 + 1)<1,"",IF((($I14*7 + COLUMN()-COLUMN($B$14)+1) - $K$4 + 1)>$K$5,"",(($I14*7 + COLUMN()-COLUMN($B$14)+1) - $K$4 + 1))) | G14: =IF((($I14*7 + COLUMN()-COLUMN($B$14)+1) - $K$4 + 1)<1,"",IF((($I14*7 + COLUMN()-COLUMN($B$14)+1) - $K$4 + 1)>$K$5,"",(($I14*7 + COLUMN()-COLUMN($B$14)+1) - $K$4 + 1))) | H14: =IF((($I14*7 + COLUMN()-COLUMN($B$14)+1) - $K$4 + 1)<1,"",IF((($I14*7 + COLUMN()-COLUMN($B$14)+1) - $K$4 + 1)>$K$5,"",(($I14*7 + COLUMN()-COLUMN($B$14)+1) - $K$4 + 1))) | I14: 5
B15: =IF(B14="","",IFERROR(VLOOKUP(TEXT(DATE(CONFIG!$B$1,$K$2,B14),"mm-dd"),LECTURAS!$A$2:$B$1000,2,FALSE),"")) | C15: =IF(C14="","",IFERROR(VLOOKUP(TEXT(DATE(CONFIG!$B$1,$K$2,C14),"mm-dd"),LECTURAS!$A$2:$B$1000,2,FALSE),"")) | D15: =IF(D14="","",IFERROR(VLOOKUP(TEXT(DATE(CONFIG!$B$1,$K$2,D14),"mm-dd"),LECTURAS!$A$2:$B$1000,2,FALSE),"")) | E15: =IF(E14="","",IFERROR(VLOOKUP(TEXT(DATE(CONFIG!$B$1,$K$2,E14),"mm-dd"),LECTURAS!$A$2:$B$1000,2,FALSE),"")) | F15: =IF(F14="","",IFERROR(VLOOKUP(TEXT(DATE(CONFIG!$B$1,$K$2,F14),"mm-dd"),LECTURAS!$A$2:$B$1000,2,FALSE),"")) | G15: =IF(G14="","",IFERROR(VLOOKUP(TEXT(DATE(CONFIG!$B$1,$K$2,G14),"mm-dd"),LECTURAS!$A$2:$B$1000,2,FALSE),"")) | H15: =IF(H14="","",IFERROR(VLOOKUP(TEXT(DATE(CONFIG!$B$1,$K$2,H14),"mm-dd"),LECTURAS!$A$2:$B$1000,2,FALSE),"")) | I15: 5

Sheet Marzo
B2: Marzo | K2: 3
B3: Domingo | C3: Lunes | D3: Martes | E3: Miércoles | F3: Jueves | G3: Viernes | H3: Sábado | K3: =DATE(CONFIG!$B$1,$K$2,1) -> 46082
B4: =IF((($I4*7 + COLUMN()-COLUMN($B$4)+1) - $K$4 + 1)<1,"",IF((($I4*7 + COLUMN()-COLUMN($B$4)+1) - $K$4 + 1)>$K$5,"",(($I4*7 + COLUMN()-COLUMN($B$4)+1) - $K$4 + 1))) -> 1 | C4: =IF((($I4*7 + COLUMN()-COLUMN($B$4)+1) - $K$4 + 1)<1,"",IF((($I4*7 + COLUMN()-COLUMN($B$4)+1) - $K$4 + 1)>$K$5,"",(($I4*7 + COLUMN()-COLUMN($B$4)+1) - $K$4 + 1))) -> 2 | D4: =IF((($I4*7 + COLUMN()-COLUMN($B$4)+1) - $K$4 + 1)<1,"",IF((($I4*7 + COLUMN()-COLUMN($B$4)+1) - $K$4 + 1)>$K$5,"",(($I4*7 + COLUMN()-COLUMN($B$4)+1) - $K$4 + 1))) -> 3 | E4: =IF((($I4*7 + COLUMN()-COLUMN($B$4)+1) - $K$4 + 1)<1,"",IF((($I4*7 + COLUMN()-COLUMN($B$4)+1) - $K$4 + 1)>$K$5,"",(($I4*7 + COLUMN()-COLUMN($B$4)+1) - $K$4 + 1))) -> 4 | F4: =IF((($I4*7 + COLUMN()-COLUMN($B$4)+1) - $K$4 + 1)<1,"",IF((($I4*7 + COLUMN()-COLUMN($B$4)+1) - $K$4 + 1)>$K$5,"",(($I4*7 + COLUMN()-COLUMN($B$4)+1) - $K$4 + 1))) -> 5 | G4: =IF((($I4*7 + COLUMN()-COLUMN($B$4)+1) - $K$4 + 1)<1,"",IF((($I4*7 + COLUMN()-COLUMN($B$4)+1) - $K$4 + 1)>$K$5,"",(($I4*7 + COLUMN()-COLUMN($B$4)+1) - $K$4 + 1))) -> 6 | H4: =IF((($I4*7 + COLUMN()-COLUMN($B$4)+1) - $K$4 + 1)<1,"",IF((($I4*7 + COLUMN()-COLUMN($B$4)+1) - $K$4 + 1)>$K$5,"",(($I4*7 + COLUMN()-COLUMN($B$4)+1) - $K$4 + 1))) -> 7 | I4: 0 | K4: =WEEKDAY($K$3,1) -> 1
B5: =IF(B4="","",IFERROR(VLOOKUP(TEXT(DATE(CONFIG!$B$1,$K$2,B4),"mm-dd"),LECTURAS!$A$2:$B$1000,2,FALSE),"")) -> Números 19–20; Hechos 12 | C5: =IF(C4="","",IFERROR(VLOOKUP(TEXT(DATE(CONFIG!$B$1,$K$2,C4),"mm-dd"),LECTURAS!$A$2:$B$1000,2,FALSE),"")) -> Números 21–22; Hechos 13 | D5: =IF(D4="","",IFERROR(VLOOKUP(TEXT(DATE(CONFIG!$B$1,$K$2,D4),"mm-dd"),LECTURAS!$A$2:$B$1000,2,FALSE),"")) -> Números 23–24; Hechos 14 | E5: =IF(E4="","",IFERROR(VLOOKUP(TEXT(DATE(CONFIG!$B$1,$K$2,E4),"mm-dd"),LECTURAS!$A$2:$B$1000,2,FALSE),"")) -> Números 25–26; Hechos 15 | F5: =IF(F4="","",IFERROR(VLOOKUP(TEXT(DATE(CONFIG!$B$1,$K$2,F4),"mm-dd"),LECTURAS!$A$2:$B$1000,2,FALSE),"")) -> Hechos 16–20 | G5: =IF(G4="","",IFERROR(VLOOKUP(TEXT(DATE(CONFIG!$B$1,$K$2,G4),"mm-dd"),LECTURAS!$A$2:$B$1000,2,FALSE),"")) -> Números 27–28; Hechos 21 | H5: =IF(H4="","",IFERROR(VLOOKUP(TEXT(DATE(CONFIG!$B$1,$K$2,H4),"mm-dd"),LECTURAS!$A$2:$B$1000,2,FALSE),"")) -> Números 29–30; Hechos 22 | I5: 0 | K5: =DAY(EOMONTH($K$3,0)) -> 31
B6: =IF((($I6*7 + COLUMN()-COLUMN($B$6)+1) - $K$4 + 1)<1,"",IF((($I6*7 + COLUMN()-COLUMN($B$6)+1) - $K$4 + 1)>$K$5,"",(($I6*7 + COLUMN()-COLUMN($B$6)+1) - $K$4 + 1))) -> 8 | C6: =IF((($I6*7 + COLUMN()-COLUMN($B$6)+1) - $K$4 + 1)<1,"",IF((($I6*7 + COLUMN()-COLUMN($B$6)+1) - $K$4 + 1)>$K$5,"",(($I6*7 + COLUMN()-COLUMN($B$6)+1) - $K$4 + 1))) -> 9 | D6: =IF((($I6*7 + COLUMN()-COLUMN($B$6)+1) - $K$4 + 1)<1,"",IF((($I6*7 + COLUMN()-COLUMN($B$6)+1) - $K$4 + 1)>$K$5,"",(($I6*7 + COLUMN()-COLUMN($B$6)+1) - $K$4 + 1))) -> 10 | E6: =IF((($I6*7 + COLUMN()-COLUMN($B$6)+1) - $K$4 + 1)<1,"",IF((($I6*7 + COLUMN()-COLUMN($B$6)+1) - $K$4 + 1)>$K$5,"",(($I6*7 + COLUMN()-COLUMN($B$6)+1) - $K$4 + 1))) -> 11 | F6: =IF((($I6*7 + COLUMN()-COLUMN($B$6)+1) - $K$4 + 1)<1,"",IF((($I6*7 + COLUMN()-COLUMN($B$6)+1) - $K$4 + 1)>$K$5,"",(($I6*7 + COLUMN()-COLUMN($B$6)+1) - $K$4 + 1))) -> 12 | G6: =IF((($I6*7 + COLUMN()-COLUMN($B$6)+1) - $K$4 + 1)<1,"",IF((($I6*7 + COLUMN()-COLUMN($B$6)+1) - $K$4 + 1)>$K$5,"",(($I6*7 + COLUMN()-COLUMN($B$6)+1) - $K$4 + 1))) -> 13 | H6: =IF((($I6*7 + COLUMN()-COLUMN($B$6)+1) - $K$4 + 1)<1,"",IF((($I6*7 + COLUMN()-COLUMN($B$6)+1) - $K$4 + 1)>$K$5,"",(($I6*7 + COLUMN()-COLUMN($B$6)+1) - $K$4 + 1))) -> 14 | I6: 1
B7: =IF(B6="","",IFERROR(VLOOKUP(TEXT(DATE(CONFIG!$B$1,$K$2,B6),"mm-dd"),LECTURAS!$A$2:$B$1000,2,FALSE),"")) -> Números 31–32; Hechos 23 | C7: =IF(C6="","",IFERROR(VLOOKUP(TEXT(DATE(CONFIG!$B$1,$K$2,C6),"mm-dd"),LECTURAS!$A$2:$B$1000,2,FALSE),"")) -> Números 33; Hechos 24–25 | D7: =IF(D6="","",IFERROR(VLOOKUP(TEXT(DATE(CONFIG!$B$1,$K$2,D6),"mm-dd"),LECTURAS!$A$2:$B$1000,2,FALSE),"")) -> Números 34–35; Hechos 26 | E7: =IF(E6="","",IFERROR(VLOOKUP(TEXT(DATE(CONFIG!$B$1,$K$2,E6),"mm-dd"),LECTURAS!$A$2:$B$1000,2,FALSE),"")) -> Números 36; Hechos 27–28 | F7: =IF(F6="","",IFERROR(VLOOKUP(TEXT(DATE(CONFIG!$B$1,$K$2,F6),"mm-dd"),LECTURAS!$A$2:$B$1000,2,FALSE),"")) -> Deuteronomio 1–3; Mateo 1–2 | G7: =IF(G6="","",IFERROR(VLOOKUP(TEXT(DATE(CONFIG!$B$1,$K$2,G6),"mm-dd"),LECTURAS!$A$2:$B$1000,2,FALSE),"")) -> Deuteronomio 4–6; Mateo 3 | H7: =IF(H6="","",IFERROR(VLOOKUP(TEXT(DATE(CONFIG!$B$1,$K$2,H6),"mm-dd"),LECTURAS!$A$2:$B$1000,2,FALSE),"")) -> Deuteronomio 7–8; Mateo 4 | I7: 1
B8: =IF((($I8*7 + COLUMN()-COLUMN($B$8)+1) - $K$4 + 1)<1,"",IF((($I8*7 + COLUMN()-COLUMN($B$8)+1) - $K$4 + 1)>$K$5,"",(($I8*7 + COLUMN()-COLUMN($B$8)+1) - $K$4 + 1))) -> 15 | C8: =IF((($I8*7 + COLUMN()-COLUMN($B$8)+1) - $K$4 + 1)<1,"",IF((($I8*7 + COLUMN()-COLUMN($B$8)+1) - $K$4 + 1)>$K$5,"",(($I8*7 + COLUMN()-COLUMN($B$8)+1) - $K$4 + 1))) -> 16 | D8: =IF((($I8*7 + COLUMN()-COLUMN($B$8)+1) - $K$4 + 1)<1,"",IF((($I8*7 + COLUMN()-COLUMN($B$8)+1) - $K$4 + 1)>$K$5,"",(($I8*7 + COLUMN()-COLUMN($B$8)+1) - $K$4 + 1))) -> 17 | E8: =IF((($I8*7 + COLUMN()-COLUMN($B$8)+1) - $K$4 + 1)<1,"",IF((($I8*7 + COLUMN()-COLUMN($B$8)+1) - $K$4 + 1)>$K$5,"",(($I8*7 + COLUMN()-COLUMN($B$8)+1) - $K$4 + 1))) -> 18 | F8: =IF((($I8*7 + COLUMN()-COLUMN($B$8)+1) - $K$4 + 1)<1,"",IF((($I8*7 + COLUMN()-COLUMN($B$8)+1) - $K$4 + 1)>$K$5,"",(($I8*7 + COLUMN()-COLUMN($B$8)+1) - $K$4 + 1))) -> 19 | G8: =IF((($I8*7 + COLUMN()-COLUMN($B$8)+1) - $K$4 + 1)<1,"",IF((($I8*7 + COLUMN()-COLUMN($B$8)+1) - $K$4 + 1)>$K$5,"",(($I8*7 + COLUMN()-COLUMN($B$8)+1) - $K$4 + 1))) -> 20 | H8: =IF((($I8*7 + COLUMN()-COLUMN($B$8)+1) - $K$4 + 1)<1,"",IF((($I8*7 + COLUMN()-COLUMN($B$8)+1) - $K$4 + 1)>$K$5,"",(($I8*7 + COLUMN()-COLUMN($B$8)+1) - $K$4 + 1))) -> 21 | I8: 2
B9: =IF(B8="","",IFERROR(VLOOKUP(TEXT(DATE(CONFIG!$B$1,$K$2,B8),"mm-dd"),LECTURAS!$A$2:$B$1000,2,FALSE),"")) -> Deuteronomio 9–10; Mateo 5 | C9: =IF(C8="","",IFERROR(VLOOKUP(TEXT(DATE(CONFIG!$B$1,$K$2,C8),"mm-dd"),LECTURAS!$A$2:$B$1000,2,FALSE),"")) -> Deuteronomio 11–12; Mateo 6 | D9: =IF(D8="","",IFERROR(VLOOKUP(TEXT(DATE(CONFIG!$B$1,$K$2,D8),"mm-dd"),LECTURAS!$A$2:$B$1000,2,FALSE),"")) -> Deuteronomio 13–14; Mateo 7 | E9: =IF(E8="","",IFERROR(VLOOKUP(TEXT(DATE(CONFIG!$B$1,$K$2,E8),"mm-dd"),LECTURAS!$A$2:$B$1000,2,FALSE),"")) -> Deuteronomio 15–16; Mateo 8 | F9: =IF(F8="","",IFERROR(VLOOKUP(TEXT(DATE(CONFIG!$B$1,$K$2,F8),"mm-dd"),LECTURAS!$A$2:$B$1000,2,FALSE),"")) -> Deuteronomio 17; Mateo 9–12 | G9: =IF(G8="","",IFERROR(VLOOKUP(TEXT(DATE(CONFIG!$B$1,$K$2,G8),"mm-dd"),LECTURAS!$A$2:$B$1000,2,FALSE),"")) -> Deuteronomio 18; Mateo 13–14 | H9: =IF(H8="","",IFERROR(VLOOKUP(TEXT(DATE(CONFIG!$B$1,$K$2,H8),"mm-dd"),LECTURAS!$A$2:$B$1000,2,FALSE),"")) -> Deuteronomio 19; Mateo 15–16 | I9: 2
B10: =IF((($I10*7 + COLUMN()-COLUMN($B$10)+1) - $K$4 + 1)<1,"",IF((($I10*7 + COLUMN()-COLUMN($B$10)+1) - $K$4 + 1)>$K$5,"",(($I10*7 + COLUMN()-COLUMN($B$10)+1) - $K$4 + 1))) -> 22 | C10: =IF((($I10*7 + COLUMN()-COLUMN($B$10)+1) - $K$4 + 1)<1,"",IF((($I10*7 + COLUMN()-COLUMN($B$10)+1) - $K$4 + 1)>$K$5,"",(($I10*7 + COLUMN()-COLUMN($B$10)+1) - $K$4 + 1))) -> 23 | D10: =IF((($I10*7 + COLUMN()-COLUMN($B$10)+1) - $K$4 + 1)<1,"",IF((($I10*7 + COLUMN()-COLUMN($B$10)+1) - $K$4 + 1)>$K$5,"",(($I10*7 + COLUMN()-COLUMN($B$10)+1) - $K$4 + 1))) -> 24 | E10: =IF((($I10*7 + COLUMN()-COLUMN($B$10)+1) - $K$4 + 1)<1,"",IF((($I10*7 + COLUMN()-COLUMN($B$10)+1) - $K$4 + 1)>$K$5,"",(($I10*7 + COLUMN()-COLUMN($B$10)+1) - $K$4 + 1))) -> 25 | F10: =IF((($I10*7 + COLUMN()-COLUMN($B$10)+1) - $K$4 + 1)<1,"",IF((($I10*7 + COLUMN()-COLUMN($B$10)+1) - $K$4 + 1)>$K$5,"",(($I10*7 + COLUMN()-COLUMN($B$10)+1) - $K$4 + 1))) -> 26 | G10: =IF((($I10*7 + COLUMN()-COLUMN($B$10)+1) - $K$4 + 1)<1,"",IF((($I10*7 + COLUMN()-COLUMN($B$10)+1) - $K$4 + 1)>$K$5,"",(($I10*7 + COLUMN()-COLUMN($B$10)+1) - $K$4 + 1))) -> 27 | H10: =IF((($I10*7 + COLUMN()-COLUMN($B$10)+1) - $K$4 + 1)<1,"",IF((($I10*7 + COLUMN()-COLUMN($B$10)+1) - $K$4 + 1)>$K$5,"",(($I10*7 + COLUMN()-COLUMN($B$10)+1) - $K$4 + 1))) -> 28 | I10: 3
B11: =IF(B10="","",IFERROR(VLOOKUP(TEXT(DATE(CONFIG!$B$1,$K$2,B10),"mm-dd"),LECTURAS!$A$2:$B$1000,2,FALSE),"")) -> Deuteronomio 20–21; Mateo 17 | C11: =IF(C10="","",IFERROR(VLOOKUP(TEXT(DATE(CONFIG!$B$1,$K$2,C10),"mm-dd"),LECTURAS!$A$2:$B$1000,2,FALSE),"")) -> Deuteronomio 22–23; Mateo 18 | D11: =IF(D10="","",IFERROR(VLOOKUP(TEXT(DATE(CONFIG!$B$1,$K$2,D10),"mm-dd"),LECTURAS!$A$2:$B$1000,2,FALSE),"")) -> Deuteronomio 24; Mateo 19–20 | E11: =IF(E10="","",IFERROR(VLOOKUP(TEXT(DATE(CONFIG!$B$1,$K$2,E10),"mm-dd"),LECTURAS!$A$2:$B$1000,2,FALSE),"")) -> Deuteronomio 25–26; Mateo 21 | F11: =IF(F10="","",IFERROR(VLOOKUP(TEXT(DATE(CONFIG!$B$1,$K$2,F10),"mm-dd"),LECTURAS!$A$2:$B$1000,2,FALSE),"")) -> Deuteronomio 27; Mateo 22–25 | G11: =IF(G10="","",IFERROR(VLOOKUP(TEXT(DATE(CONFIG!$B$1,$K$2,G10),"mm-dd"),LECTURAS!$A$2:$B$1000,2,FALSE),"")) -> Deuteronomio 28–29; Mateo 26 | H11: =IF(H10="","",IFERROR(VLOOKUP(TEXT(DATE(CONFIG!$B$1,$K$2,H10),"mm-dd"),LECTURAS!$A$2:$B$1000,2,FALSE),"")) -> Deuteronomio 30–31; Mateo 27 | I11: 3
B12: =IF((($I12*7 + COLUMN()-COLUMN($B$12)+1) - $K$4 + 1)<1,"",IF((($I12*7 + COLUMN()-COLUMN($B$12)+1) - $K$4 + 1)>$K$5,"",(($I12*7 + COLUMN()-COLUMN($B$12)+1) - $K$4 + 1))) -> 29 | C12: =IF((($I12*7 + COLUMN()-COLUMN($B$12)+1) - $K$4 + 1)<1,"",IF((($I12*7 + COLUMN()-COLUMN($B$12)+1) - $K$4 + 1)>$K$5,"",(($I12*7 + COLUMN()-COLUMN($B$12)+1) - $K$4 + 1))) -> 30 | D12: =IF((($I12*7 + COLUMN()-COLUMN($B$12)+1) - $K$4 + 1)<1,"",IF((($I12*7 + COLUMN()-COLUMN($B$12)+1) - $K$4 + 1)>$K$5,"",(($I12*7 + COLUMN()-COLUMN($B$12)+1) - $K$4 + 1))) -> 31 | E12: =IF((($I12*7 + COLUMN()-COLUMN($B$12)+1) - $K$4 + 1)<1,"",IF((($I12*7 + COLUMN()-COLUMN($B$12)+1) - $K$4 + 1)>$K$5,"",(($I12*7 + COLUMN()-COLUMN($B$12)+1) - $K$4 + 1))) | F12: =IF((($I12*7 + COLUMN()-COLUMN($B$12)+1) - $K$4 + 1)<1,"",IF((($I12*7 + COLUMN()-COLUMN($B$12)+1) - $K$4 + 1)>$K$5,"",(($I12*7 + COLUMN()-COLUMN($B$12)+1) - $K$4 + 1))) | G12: =IF((($I12*7 + COLUMN()-COLUMN($B$12)+1) - $K$4 + 1)<1,"",IF((($I12*7 + COLUMN()-COLUMN($B$12)+1) - $K$4 + 1)>$K$5,"",(($I12*7 + COLUMN()-COLUMN($B$12)+1) - $K$4 + 1))) | H12: =IF((($I12*7 + COLUMN()-COLUMN($B$12)+1) - $K$4 + 1)<1,"",IF((($I12*7 + COLUMN()-COLUMN($B$12)+1) - $K$4 + 1)>$K$5,"",(($I12*7 + COLUMN()-COLUMN($B$12)+1) - $K$4 + 1))) | I12: 4
B13: =IF(B12="","",IFERROR(VLOOKUP(TEXT(DATE(CONFIG!$B$1,$K$2,B12),"mm-dd"),LECTURAS!$A$2:$B$1000,2,FALSE),"")) -> Deuteronomio 32–34; Mateo 28 | C13: =IF(C12="","",IFERROR(VLOOKUP(TEXT(DATE(CONFIG!$B$1,$K$2,C12),"mm-dd"),LECTURAS!$A$2:$B$1000,2,FALSE),"")) -> Josué 1–2; Proverbios 1 | D13: =IF(D12="","",IFERROR(VLOOKUP(TEXT(DATE(CONFIG!$B$1,$K$2,D12),"mm-dd"),LECTURAS!$A$2:$B$1000,2,FALSE),"")) -> Josué 3–4; Proverbios 2 | E13: =IF(E12="","",IFERROR(VLOOKUP(TEXT(DATE(CONFIG!$B$1,$K$2,E12),"mm-dd"),LECTURAS!$A$2:$B$1000,2,FALSE),"")) | F13: =IF(F12="","",IFERROR(VLOOKUP(TEXT(DATE(CONFIG!$B$1,$K$2,F12),"mm-dd"),LECTURAS!$A$2:$B$1000,2,FALSE),"")) | G13: =IF(G12="","",IFERROR(VLOOKUP(TEXT(DATE(CONFIG!$B$1,$K$2,G12),"mm-dd"),LECTURAS!$A$2:$B$1000,2,FALSE),"")) | H13: =IF(H12="","",IFERROR(VLOOKUP(TEXT(DATE(CONFIG!$B$1,$K$2,H12),"mm-dd"),LECTURAS!$A$2:$B$1000,2,FALSE),"")) | I13: 4
B14: =IF((($I14*7 + COLUMN()-COLUMN($B$14)+1) - $K$4 + 1)<1,"",IF((($I14*7 + COLUMN()-COLUMN($B$14)+1) - $K$4 + 1)>$K$5,"",(($I14*7 + COLUMN()-COLUMN($B$14)+1) - $K$4 + 1))) | C14: =IF((($I14*7 + COLUMN()-COLUMN($B$14)+1) - $K$4 + 1)<1,"",IF((($I14*7 + COLUMN()-COLUMN($B$14)+1) - $K$4 + 1)>$K$5,"",(($I14*7 + COLUMN()-COLUMN($B$14)+1) - $K$4 + 1))) | D14: =IF((($I14*7 + COLUMN()-COLUMN($B$14)+1) - $K$4 + 1)<1,"",IF((($I14*7 + COLUMN()-COLUMN($B$14)+1) - $K$4 + 1)>$K$5,"",(($I14*7 + COLUMN()-COLUMN($B$14)+1) - $K$4 + 1))) | E14: =IF((($I14*7 + COLUMN()-COLUMN($B$14)+1) - $K$4 + 1)<1,"",IF((($I14*7 + COLUMN()-COLUMN($B$14)+1) - $K$4 + 1)>$K$5,"",(($I14*7 + COLUMN()-COLUMN($B$14)+1) - $K$4 + 1))) | F14: =IF((($I14*7 + COLUMN()-COLUMN($B$14)+1) - $K$4 + 1)<1,"",IF((($I14*7 + COLUMN()-COLUMN($B$14)+1) - $K$4 + 1)>$K$5,"",(($I14*7 + COLUMN()-COLUMN($B$14)+1) - $K$4 + 1))) | G14: =IF((($I14*7 + COLUMN()-COLUMN($B$14)+1) - $K$4 + 1)<1,"",IF((($I14*7 + COLUMN()-COLUMN($B$14)+1) - $K$4 + 1)>$K$5,"",(($I14*7 + COLUMN()-COLUMN($B$14)+1) - $K$4 + 1))) | H14: =IF((($I14*7 + COLUMN()-COLUMN($B$14)+1) - $K$4 + 1)<1,"",IF((($I14*7 + COLUMN()-COLUMN($B$14)+1) - $K$4 + 1)>$K$5,"",(($I14*7 + COLUMN()-COLUMN($B$14)+1) - $K$4 + 1))) | I14: 5
B15: =IF(B14="","",IFERROR(VLOOKUP(TEXT(DATE(CONFIG!$B$1,$K$2,B14),"mm-dd"),LECTURAS!$A$2:$B$1000,2,FALSE),"")) | C15: =IF(C14="","",IFERROR(VLOOKUP(TEXT(DATE(CONFIG!$B$1,$K$2,C14),"mm-dd"),LECTURAS!$A$2:$B$1000,2,FALSE),"")) | D15: =IF(D14="","",IFERROR(VLOOKUP(TEXT(DATE(CONFIG!$B$1,$K$2,D14),"mm-dd"),LECTURAS!$A$2:$B$1000,2,FALSE),"")) | E15: =IF(E14="","",IFERROR(VLOOKUP(TEXT(DATE(CONFIG!$B$1,$K$2,E14),"mm-dd"),LECTURAS!$A$2:$B$1000,2,FALSE),"")) | F15: =IF(F14="","",IFERROR(VLOOKUP(TEXT(DATE(CONFIG!$B$1,$K$2,F14),"mm-dd"),LECTURAS!$A$2:$B$1000,2,FALSE),"")) | G15: =IF(G14="","",IFERROR(VLOOKUP(TEXT(DATE(CONFIG!$B$1,$K$2,G14),"mm-dd"),LECTURAS!$A$2:$B$1000,2,FALSE),"")) | H15: =IF(H14="","",IFERROR(VLOOKUP(TEXT(DATE(CONFIG!$B$1,$K$2,H14),"mm-dd"),LECTURAS!$A$2:$B$1000,2,FALSE),"")) | I15: 5

Sheet Abril
B2: Abril | K2: 4
B3: Domingo | C3: Lunes | D3: Martes | E3: Miércoles | F3: Jueves | G3: Viernes | H3: Sábado | K3: =DATE(CONFIG!$B$1,$K$2,1) -> 46113
B4: =IF((($I4*7 + COLUMN()-COLUMN($B$4)+1) - $K$4 + 1)<1,"",IF((($I4*7 + COLUMN()-COLUMN($B$4)+1) - $K$4 + 1)>$K$5,"",(($I4*7 + COLUMN()-COLUMN($B$4)+1) - $K$4 + 1))) | C4: =IF((($I4*7 + COLUMN()-COLUMN($B$4)+1) - $K$4 + 1)<1,"",IF((($I4*7 + COLUMN()-COLUMN($B$4)+1) - $K$4 + 1)>$K$5,"",(($I4*7 + COLUMN()-COLUMN($B$4)+1) - $K$4 + 1))) | D4: =IF((($I4*7 + COLUMN()-COLUMN($B$4)+1) - $K$4 + 1)<1,"",IF((($I4*7 + COLUMN()-COLUMN($B$4)+1) - $K$4 + 1)>$K$5,"",(($I4*7 + COLUMN()-COLUMN($B$4)+1) - $K$4 + 1))) | E4: =IF((($I4*7 + COLUMN()-COLUMN($B$4)+1) - $K$4 + 1)<1,"",IF((($I4*7 + COLUMN()-COLUMN($B$4)+1) - $K$4 + 1)>$K$5,"",(($I4*7 + COLUMN()-COLUMN($B$4)+1) - $K$4 + 1))) -> 1 | F4: =IF((($I4*7 + COLUMN()-COLUMN($B$4)+1) - $K$4 + 1)<1,"",IF((($I4*7 + COLUMN()-COLUMN($B$4)+1) - $K$4 + 1)>$K$5,"",(($I4*7 + COLUMN()-COLUMN($B$4)+1) - $K$4 + 1))) -> 2 | G4: =IF((($I4*7 + COLUMN()-COLUMN($B$4)+1) - $K$4 + 1)<1,"",IF((($I4*7 + COLUMN()-COLUMN($B$4)+1) - $K$4 + 1)>$K$5,"",(($I4*7 + COLUMN()-COLUMN($B$4)+1) - $K$4 + 1))) -> 3 | H4: =IF((($I4*7 + COLUMN()-COLUMN($B$4)+1) - $K$4 + 1)<1,"",IF((($I4*7 + COLUMN()-COLUMN($B$4)+1) - $K$4 + 1)>$K$5,"",(($I4*7 + COLUMN()-COLUMN($B$4)+1) - $K$4 + 1))) -> 4 | I4: 0 | K4: =WEEKDAY($K$3,1) -> 4
B5: =IF(B4="","",IFERROR(VLOOKUP(TEXT(DATE(CONFIG!$B$1,$K$2,B4),"mm-dd"),LECTURAS!$A$2:$B$1000,2,FALSE),"")) | C5: =IF(C4="","",IFERROR(VLOOKUP(TEXT(DATE(CONFIG!$B$1,$K$2,C4),"mm-dd"),LECTURAS!$A$2:$B$1000,2,FALSE),"")) | D5: =IF(D4="","",IFERROR(VLOOKUP(TEXT(DATE(CONFIG!$B$1,$K$2,D4),"mm-dd"),LECTURAS!$A$2:$B$1000,2,FALSE),"")) | E5: =IF(E4="","",IFERROR(VLOOKUP(TEXT(DATE(CONFIG!$B$1,$K$2,E4),"mm-dd"),LECTURAS!$A$2:$B$1000,2,FALSE),"")) -> Josué 5–6; Proverbios 3 | F5: =IF(F4="","",IFERROR(VLOOKUP(TEXT(DATE(CONFIG!$B$1,$K$2,F4),"mm-dd"),LECTURAS!$A$2:$B$1000,2,FALSE),"")) -> Josué 7–9; Proverbios 4–5 | G5: =IF(G4="","",IFERROR(VLOOKUP(TEXT(DATE(CONFIG!$B$1,$K$2,G4),"mm-dd"),LECTURAS!$A$2:$B$1000,2,FALSE),"")) -> Josué 10–11; Proverbios 6 | H5: =IF(H4="","",IFERROR(VLOOKUP(TEXT(DATE(CONFIG!$B$1,$K$2,H4),"mm-dd"),LECTURAS!$A$2:$B$1000,2,FALSE),"")) -> Josué 12–13; Proverbios 7 | I5: 0 | K5: =DAY(EOMONTH($K$3,0)) -> 30
B6: =IF((($I6*7 + COLUMN()-COLUMN($B$6)+1) - $K$4 + 1)<1,"",IF((($I6*7 + COLUMN()-COLUMN($B$6)+1) - $K$4 + 1)>$K$5,"",(($I6*7 + COLUMN()-COLUMN($B$6)+1) - $K$4 + 1))) -> 5 | C6: =IF((($I6*7 + COLUMN()-COLUMN($B$6)+1) - $K$4 + 1)<1,"",IF((($I6*7 + COLUMN()-COLUMN($B$6)+1) - $K$4 + 1)>$K$5,"",(($I6*7 + COLUMN()-COLUMN($B$6)+1) - $K$4 + 1))) -> 6 | D6: =IF((($I6*7 + COLUMN()-COLUMN($B$6)+1) - $K$4 + 1)<1,"",IF((($I6*7 + COLUMN()-COLUMN($B$6)+1) - $K$4 + 1)>$K$5,"",(($I6*7 + COLUMN()-COLUMN($B$6)+1) - $K$4 + 1))) -> 7 | E6: =IF((($I6*7 + COLUMN()-COLUMN($B$6)+1) - $K$4 + 1)<1,"",IF((($I6*7 + COLUMN()-COLUMN($B$6)+1) - $K$4 + 1)>$K$5,"",(($I6*7 + COLUMN()-COLUMN($B$6)+1) - $K$4 + 1))) -> 8 | F6: =IF((($I6*7 + COLUMN()-COLUMN($B$6)+1) - $K$4 + 1)<1,"",IF((($I6*7 + COLUMN()-COLUMN($B$6)+1) - $K$4 + 1)>$K$5,"",(($I6*7 + COLUMN()-COLUMN($B$6)+1) - $K$4 + 1))) -> 9 | G6: =IF((($I6*7 + COLUMN()-COLUMN($B$6)+1) - $K$4 + 1)<1,"",IF((($I6*7 + COLUMN()-COLUMN($B$6)+1) - $K$4 + 1)>$K$5,"",(($I6*7 + COLUMN()-COLUMN($B$6)+1) - $K$4 + 1))) -> 10 | H6: =IF((($I6*7 + COLUMN()-COLUMN($B$6)+1) - $K$4 + 1)<1,"",IF((($I6*7 + COLUMN()-COLUMN($B$6)+1) - $K$4 + 1)>$K$5,"",(($I6*7 + COLUMN()-COLUMN($B$6)+1) - $K$4 + 1))) -> 11 | I6: 1
B7: =IF(B6="","",IFERROR(VLOOKUP(TEXT(DATE(CONFIG!$B$1,$K$2,B6),"mm-dd"),LECTURAS!$A$2:$B$1000,2,FALSE),"")) -> Josué 14–15; Proverbios 8 | C7: =IF(C6="","",IFERROR(VLOOKUP(TEXT(DATE(CONFIG!$B$1,$K$2,C6),"mm-dd"),LECTURAS!$A$2:$B$1000,2,FALSE),"")) -> Josué 16–17; Proverbios 9 | D7: =IF(D6="","",IFERROR(VLOOKUP(TEXT(DATE(CONFIG!$B$1,$K$2,D6),"mm-dd"),LECTURAS!$A$2:$B$1000,2,FALSE),"")) -> Josué 18–19; Proverbios 10 | E7: =IF(E6="","",IFERROR(VLOOKUP(TEXT(DATE(CONFIG!$B$1,$K$2,E6),"mm-dd"),LECTURAS!$A$2:$B$1000,2,FALSE),"")) -> Josué 20–21; Proverbios 11 | F7: =IF(F6="","",IFERROR(VLOOKUP(TEXT(DATE(CONFIG!$B$1,$K$2,F6),"mm-dd"),LECTURAS!$A$2:$B$1000,2,FALSE),"")) -> Josué 22–24; Proverbios 12–13 | G7: =IF(G6="","",IFERROR(VLOOKUP(TEXT(DATE(CONFIG!$B$1,$K$2,G6),"mm-dd"),LECTURAS!$A$2:$B$1000,2,FALSE),"")) -> Jueces 1–2; Proverbios 14 | H7: =IF(H6="","",IFERROR(VLOOKUP(TEXT(DATE(CONFIG!$B$1,$K$2,H6),"mm-dd"),LECTURAS!$A$2:$B$1000,2,FALSE),"")) -> Jueces 3–4; Proverbios 15 | I7: 1
B8: =IF((($I8*7 + COLUMN()-COLUMN($B$8)+1) - $K$4 + 1)<1,"",IF((($I8*7 + COLUMN()-COLUMN($B$8)+1) - $K$4 + 1)>$K$5,"",(($I8*7 + COLUMN()-COLUMN($B$8)+1) - $K$4 + 1))) -> 12 | C8: =IF((($I8*7 + COLUMN()-COLUMN($B$8)+1) - $K$4 + 1)<1,"",IF((($I8*7 + COLUMN()-COLUMN($B$8)+1) - $K$4 + 1)>$K$5,"",(($I8*7 + COLUMN()-COLUMN($B$8)+1) - $K$4 + 1))) -> 13 | D8: =IF((($I8*7 + COLUMN()-COLUMN($B$8)+1) - $K$4 + 1)<1,"",IF((($I8*7 + COLUMN()-COLUMN($B$8)+1) - $K$4 + 1)>$K$5,"",(($I8*7 + COLUMN()-COLUMN($B$8)+1) - $K$4 + 1))) -> 14 | E8: =IF((($I8*7 + COLUMN()-COLUMN($B$8)+1) - $K$4 + 1)<1,"",IF((($I8*7 + COLUMN()-COLUMN($B$8)+1) - $K$4 + 1)>$K$5,"",(($I8*7 + COLUMN()-COLUMN($B$8)+1) - $K$4 + 1))) -> 15 | F8: =IF((($I8*7 + COLUMN()-COLUMN($B$8)+1) - $K$4 + 1)<1,"",IF((($I8*7 + COLUMN()-COLUMN($B$8)+1) - $K$4 + 1)>$K$5,"",(($I8*7 + COLUMN()-COLUMN($B$8)+1) - $K$4 + 1))) -> 16 | G8: =IF((($I8*7 + COLUMN()-COLUMN($B$8)+1) - $K$4 + 1)<1,"",IF((($I8*7 + COLUMN()-COLUMN($B$8)+1) - $K$4 + 1)>$K$5,"",(($I8*7 + COLUMN()-COLUMN($B$8)+1) - $K$4 + 1))) -> 17 | H8: =IF((($I8*7 + COLUMN()-COLUMN($B$8)+1) - $K$4 + 1)<1,"",IF((($I8*7 + COLUMN()-COLUMN($B$8)+1) - $K$4 + 1)>$K$5,"",(($I8*7 + COLUMN()-COLUMN($B$8)+1) - $K$4 + 1))) -> 18 | I8: 2
B9: =IF(B8="","",IFERROR(VLOOKUP(TEXT(DATE(CONFIG!$B$1,$K$2,B8),"mm-dd"),LECTURAS!$A$2:$B$1000,2,FALSE),"")) -> Jueces 5–6; Proverbios 16 | C9: =IF(C8="","",IFERROR(VLOOKUP(TEXT(DATE(CONFIG!$B$1,$K$2,C8),"mm-dd"),LECTURAS!$A$2:$B$1000,2,FALSE),"")) -> Jueces 7–8; Proverbios 17 | D9: =IF(D8="","",IFERROR(VLOOKUP(TEXT(DATE(CONFIG!$B$1,$K$2,D8),"mm-dd"),LECTURAS!$A$2:$B$1000,2,FALSE),"")) -> Jueces 9–10; Proverbios 18 | E9: =IF(E8="","",IFERROR(VLOOKUP(TEXT(DATE(CONFIG!$B$1,$K$2,E8),"mm-dd"),LECTURAS!$A$2:$B$1000,2,FALSE),"")) -> Jueces 11–12; Proverbios 19 | F9: =IF(F8="","",IFERROR(VLOOKUP(TEXT(DATE(CONFIG!$B$1,$K$2,F8),"mm-dd"),LECTURAS!$A$2:$B$1000,2,FALSE),"")) -> Jueces 13–15; Proverbios 20–21 | G9: =IF(G8="","",IFERROR(VLOOKUP(TEXT(DATE(CONFIG!$B$1,$K$2,G8),"mm-dd"),LECTURAS!$A$2:$B$1000,2,FALSE),"")) -> Jueces 16–17; Proverbios 22 | H9: =IF(H8="","",IFERROR(VLOOKUP(TEXT(DATE(CONFIG!$B$1,$K$2,H8),"mm-dd"),LECTURAS!$A$2:$B$1000,2,FALSE),"")) -> Jueces 18–19; Proverbios 23 | I9: 2
B10: =IF((($I10*7 + COLUMN()-COLUMN($B$10)+1) - $K$4 + 1)<1,"",IF((($I10*7 + COLUMN()-COLUMN($B$10)+1) - $K$4 + 1)>$K$5,"",(($I10*7 + COLUMN()-COLUMN($B$10)+1) - $K$4 + 1))) -> 19 | C10: =IF((($I10*7 + COLUMN()-COLUMN($B$10)+1) - $K$4 + 1)<1,"",IF((($I10*7 + COLUMN()-COLUMN($B$10)+1) - $K$4 + 1)>$K$5,"",(($I10*7 + COLUMN()-COLUMN($B$10)+1) - $K$4 + 1))) -> 20 | D10: =IF((($I10*7 + COLUMN()-COLUMN($B$10)+1) - $K$4 + 1)<1,"",IF((($I10*7 + COLUMN()-COLUMN($B$10)+1) - $K$4 + 1)>$K$5,"",(($I10*7 + COLUMN()-COLUMN($B$10)+1) - $K$4 + 1))) -> 21 | E10: =IF((($I10*7 + COLUMN()-COLUMN($B$10)+1) - $K$4 + 1)<1,"",IF((($I10*7 + COLUMN()-COLUMN($B$10)+1) - $K$4 + 1)>$K$5,"",(($I10*7 + COLUMN()-COLUMN($B$10)+1) - $K$4 + 1))) -> 22 | F10: =IF((($I10*7 + COLUMN()-COLUMN($B$10)+1) - $K$4 + 1)<1,"",IF((($I10*7 + COLUMN()-COLUMN($B$10)+1) - $K$4 + 1)>$K$5,"",(($I10*7 + COLUMN()-COLUMN($B$10)+1) - $K$4 + 1))) -> 23 | G10: =IF((($I10*7 + COLUMN()-COLUMN($B$10)+1) - $K$4 + 1)<1,"",IF((($I10*7 + COLUMN()-COLUMN($B$10)+1) - $K$4 + 1)>$K$5,"",(($I10*7 + COLUMN()-COLUMN($B$10)+1) - $K$4 + 1))) -> 24 | H10: =IF((($I10*7 + COLUMN()-COLUMN($B$10)+1) - $K$4 + 1)<1,"",IF((($I10*7 + COLUMN()-COLUMN($B$10)+1) - $K$4 + 1)>$K$5,"",(($I10*7 + COLUMN()-COLUMN($B$10)+1) - $K$4 + 1))) -> 25 | I10: 3
B11: =IF(B10="","",IFERROR(VLOOKUP(TEXT(DATE(CONFIG!$B$1,$K$2,B10),"mm-dd"),LECTURAS!$A$2:$B$1000,2,FALSE),"")) -> Jueces 20–21; Proverbios 24 | C11: =IF(C10="","",IFERROR(VLOOKUP(TEXT(DATE(CONFIG!$B$1,$K$2,C10),"mm-dd"),LECTURAS!$A$2:$B$1000,2,FALSE),"")) -> Rut 1–2; Proverbios 25 | D11: =IF(D10="","",IFERROR(VLOOKUP(TEXT(DATE(CONFIG!$B$1,$K$2,D10),"mm-dd"),LECTURAS!$A$2:$B$1000,2,FALSE),"")) -> Rut 3–4; Proverbios 26 | E11: =IF(E10="","",IFERROR(VLOOKUP(TEXT(DATE(CONFIG!$B$1,$K$2,E10),"mm-dd"),LECTURAS!$A$2:$B$1000,2,FALSE),"")) -> 1 Samuel 1–2; Proverbios 27 | F11: =IF(F10="","",IFERROR(VLOOKUP(TEXT(DATE(CONFIG!$B$1,$K$2,F10),"mm-dd"),LECTURAS!$A$2:$B$1000,2,FALSE),"")) -> 1 Samuel 3; Proverbios 28–29 | G11: =IF(G10="","",IFERROR(VLOOKUP(TEXT(DATE(CONFIG!$B$1,$K$2,G10),"mm-dd"),LECTURAS!$A$2:$B$1000,2,FALSE),"")) -> 1 Samuel 4–5; Proverbios 30 | H11: =IF(H10="","",IFERROR(VLOOKUP(TEXT(DATE(CONFIG!$B$1,$K$2,H10),"mm-dd"),LECTURAS!$A$2:$B$1000,2,FALSE),"")) -> 1 Samuel 6–7; Proverbios 31 | I11: 3
B12: =IF((($I12*7 + COLUMN()-COLUMN($B$12)+1) - $K$4 + 1)<1,"",IF((($I12*7 + COLUMN()-COLUMN($B$12)+1) - $K$4 + 1)>$K$5,"",(($I12*7 + COLUMN()-COLUMN($B$12)+1) - $K$4 + 1))) -> 26 | C12: =IF((($I12*7 + COLUMN()-COLUMN($B$12)+1) - $K$4 + 1)<1,"",IF((($I12*7 + COLUMN()-COLUMN($B$12)+1) - $K$4 + 1)>$K$5,"",(($I12*7 + COLUMN()-COLUMN($B$12)+1) - $K$4 + 1))) -> 27 | D12: =IF((($I12*7 + COLUMN()-COLUMN($B$12)+1) - $K$4 + 1)<1,"",IF((($I12*7 + COLUMN()-COLUMN($B$12)+1) - $K$4 + 1)>$K$5,"",(($I12*7 + COLUMN()-COLUMN($B$12)+1) - $K$4 + 1))) -> 28 | E12: =IF((($I12*7 + COLUMN()-COLUMN($B$12)+1) - $K$4 + 1)<1,"",IF((($I12*7 + COLUMN()-COLUMN($B$12)+1) - $K$4 + 1)>$K$5,"",(($I12*7 + COLUMN()-COLUMN($B$12)+1) - $K$4 + 1))) -> 29 | F12: =IF((($I12*7 + COLUMN()-COLUMN($B$12)+1) - $K$4 + 1)<1,"",IF((($I12*7 + COLUMN()-COLUMN($B$12)+1) - $K$4 + 1)>$K$5,"",(($I12*7 + COLUMN()-COLUMN($B$12)+1) - $K$4 + 1))) -> 30 | G12: =IF((($I12*7 + COLUMN()-COLUMN($B$12)+1) - $K$4 + 1)<1,"",IF((($I12*7 + COLUMN()-COLUMN($B$12)+1) - $K$4 + 1)>$K$5,"",(($I12*7 + COLUMN()-COLUMN($B$12)+1) - $K$4 + 1))) | H12: =IF((($I12*7 + COLUMN()-COLUMN($B$12)+1) - $K$4 + 1)<1,"",IF((($I12*7 + COLUMN()-COLUMN($B$12)+1) - $K$4 + 1)>$K$5,"",(($I12*7 + COLUMN()-COLUMN($B$12)+1) - $K$4 + 1))) | I12: 4
B13: =IF(B12="","",IFERROR(VLOOKUP(TEXT(DATE(CONFIG!$B$1,$K$2,B12),"mm-dd"),LECTURAS!$A$2:$B$1000,2,FALSE),"")) -> 1 Samuel 8–9; Salmo 1 | C13: =IF(C12="","",IFERROR(VLOOKUP(TEXT(DATE(CONFIG!$B$1,$K$2,C12),"mm-dd"),LECTURAS!$A$2:$B$1000,2,FALSE),"")) -> 1 Samuel 10–11; Salmo 2 | D13: =IF(D12="","",IFERROR(VLOOKUP(TEXT(DATE(CONFIG!$B$1,$K$2,D12),"mm-dd"),LECTURAS!$A$2:$B$1000,2,FALSE),"")) -> 1 Samuel 12–13; Salmo 3–4 | E13: =IF(E12="","",IFERROR(VLOOKUP(TEXT(DATE(CONFIG!$B$1,$K$2,E12),"mm-dd"),LECTURAS!$A$2:$B$1000,2,FALSE),"")) -> 1 Samuel 14–15; Salmo 5–6 | F13: =IF(F12="","",IFERROR(VLOOKUP(TEXT(DATE(CONFIG!$B$1,$K$2,F12),"mm-dd"),LECTURAS!$A$2:$B$1000,2,FALSE),"")) -> 1 Samuel 16–17; Salmo 7–9 | G13: =IF(G12="","",IFERROR(VLOOKUP(TEXT(DATE(CONFIG!$B$1,$K$2,G12),"mm-dd"),LECTURAS!$A$2:$B$1000,2,FALSE),"")) | H13: =IF(H12="","",IFERROR(VLOOKUP(TEXT(DATE(CONFIG!$B$1,$K$2,H12),"mm-dd"),LECTURAS!$A$2:$B$1000,2,FALSE),"")) | I13: 4
B14: =IF((($I14*7 + COLUMN()-COLUMN($B$14)+1) - $K$4 + 1)<1,"",IF((($I14*7 + COLUMN()-COLUMN($B$14)+1) - $K$4 + 1)>$K$5,"",(($I14*7 + COLUMN()-COLUMN($B$14)+1) - $K$4 + 1))) | C14: =IF((($I14*7 + COLUMN()-COLUMN($B$14)+1) - $K$4 + 1)<1,"",IF((($I14*7 + COLUMN()-COLUMN($B$14)+1) - $K$4 + 1)>$K$5,"",(($I14*7 + COLUMN()-COLUMN($B$14)+1) - $K$4 + 1))) | D14: =IF((($I14*7 + COLUMN()-COLUMN($B$14)+1) - $K$4 + 1)<1,"",IF((($I14*7 + COLUMN()-COLUMN($B$14)+1) - $K$4 + 1)>$K$5,"",(($I14*7 + COLUMN()-COLUMN($B$14)+1) - $K$4 + 1))) | E14: =IF((($I14*7 + COLUMN()-COLUMN($B$14)+1) - $K$4 + 1)<1,"",IF((($I14*7 + COLUMN()-COLUMN($B$14)+1) - $K$4 + 1)>$K$5,"",(($I14*7 + COLUMN()-COLUMN($B$14)+1) - $K$4 + 1))) | F14: =IF((($I14*7 + COLUMN()-COLUMN($B$14)+1) - $K$4 + 1)<1,"",IF((($I14*7 + COLUMN()-COLUMN($B$14)+1) - $K$4 + 1)>$K$5,"",(($I14*7 + COLUMN()-COLUMN($B$14)+1) - $K$4 + 1))) | G14: =IF((($I14*7 + COLUMN()-COLUMN($B$14)+1) - $K$4 + 1)<1,"",IF((($I14*7 + COLUMN()-COLUMN($B$14)+1) - $K$4 + 1)>$K$5,"",(($I14*7 + COLUMN()-COLUMN($B$14)+1) - $K$4 + 1))) | H14: =IF((($I14*7 + COLUMN()-COLUMN($B$14)+1) - $K$4 + 1)<1,"",IF((($I14*7 + COLUMN()-COLUMN($B$14)+1) - $K$4 + 1)>$K$5,"",(($I14*7 + COLUMN()-COLUMN($B$14)+1) - $K$4 + 1))) | I14: 5
B15: =IF(B14="","",IFERROR(VLOOKUP(TEXT(DATE(CONFIG!$B$1,$K$2,B14),"mm-dd"),LECTURAS!$A$2:$B$1000,2,FALSE),"")) | C15: =IF(C14="","",IFERROR(VLOOKUP(TEXT(DATE(CONFIG!$B$1,$K$2,C14),"mm-dd"),LECTURAS!$A$2:$B$1000,2,FALSE),"")) | D15: =IF(D14="","",IFERROR(VLOOKUP(TEXT(DATE(CONFIG!$B$1,$K$2,D14),"mm-dd"),LECTURAS!$A$2:$B$1000,2,FALSE),"")) | E15: =IF(E14="","",IFERROR(VLOOKUP(TEXT(DATE(CONFIG!$B$1,$K$2,E14),"mm-dd"),LECTURAS!$A$2:$B$1000,2,FALSE),"")) | F15: =IF(F14="","",IFERROR(VLOOKUP(TEXT(DATE(CONFIG!$B$1,$K$2,F14),"mm-dd"),LECTURAS!$A$2:$B$1000,2,FALSE),"")) | G15: =IF(G14="","",IFERROR(VLOOKUP(TEXT(DATE(CONFIG!$B$1,$K$2,G14),"mm-dd"),LECTURAS!$A$2:$B$1000,2,FALSE),"")) | H15: =IF(H14="","",IFERROR(VLOOKUP(TEXT(DATE(CONFIG!$B$1,$K$2,H14),"mm-dd"),LECTURAS!$A$2:$B$1000,2,FALSE),"")) | I15: 5

Sheet Mayo
A1: Mayo | J1: 5
A2: Domingo | B2: Lunes | C2: Martes | D2: Miércoles | E2: Jueves | F2: Viernes | G2: Sábado | J2: =DATE(CONFIG!$B$1,$J$1,1) -> 46143
A3: =IF((($H3*7 + COLUMN()-COLUMN($A$3)+1) - $J$3 + 1)<1,"",IF((($H3*7 + COLUMN()-COLUMN($A$3)+1) - $J$3 + 1)>$J$4,"",(($H3*7 + COLUMN()-COLUMN($A$3)+1) - $J$3 + 1))) | B3: =IF((($H3*7 + COLUMN()-COLUMN($A$3)+1) - $J$3 + 1)<1,"",IF((($H3*7 + COLUMN()-COLUMN($A$3)+1) - $J$3 + 1)>$J$4,"",(($H3*7 + COLUMN()-COLUMN($A$3)+1) - $J$3 + 1))) | C3: =IF((($H3*7 + COLUMN()-COLUMN($A$3)+1) - $J$3 + 1)<1,"",IF((($H3*7 + COLUMN()-COLUMN($A$3)+1) - $J$3 + 1)>$J$4,"",(($H3*7 + COLUMN()-COLUMN($A$3)+1) - $J$3 + 1))) | D3: =IF((($H3*7 + COLUMN()-COLUMN($A$3)+1) - $J$3 + 1)<1,"",IF((($H3*7 + COLUMN()-COLUMN($A$3)+1) - $J$3 + 1)>$J$4,"",(($H3*7 + COLUMN()-COLUMN($A$3)+1) - $J$3 + 1))) | E3: =IF((($H3*7 + COLUMN()-COLUMN($A$3)+1) - $J$3 + 1)<1,"",IF((($H3*7 + COLUMN()-COLUMN($A$3)+1) - $J$3 + 1)>$J$4,"",(($H3*7 + COLUMN()-COLUMN($A$3)+1) - $J$3 + 1))) | F3: =IF((($H3*7 + COLUMN()-COLUMN($A$3)+1) - $J$3 + 1)<1,"",IF((($H3*7 + COLUMN()-COLUMN($A$3)+1) - $J$3 + 1)>$J$4,"",(($H3*7 + COLUMN()-COLUMN($A$3)+1) - $J$3 + 1))) -> 1 | G3: =IF((($H3*7 + COLUMN()-COLUMN($A$3)+1) - $J$3 + 1)<1,"",IF((($H3*7 + COLUMN()-COLUMN($A$3)+1) - $J$3 + 1)>$J$4,"",(($H3*7 + COLUMN()-COLUMN($A$3)+1) - $J$3 + 1))) -> 2 | H3: 0 | J3: =WEEKDAY($J$2,1) -> 6
A4: =IF(A3="","",IFERROR(VLOOKUP(TEXT(DATE(CONFIG!$B$1,$J$1,A3),"mm-dd"),LECTURAS!$A$2:$B$1000,2,FALSE),"")) | B4: =IF(B3="","",IFERROR(VLOOKUP(TEXT(DATE(CONFIG!$B$1,$J$1,B3),"mm-dd"),LECTURAS!$A$2:$B$1000,2,FALSE),"")) | C4: =IF(C3="","",IFERROR(VLOOKUP(TEXT(DATE(CONFIG!$B$1,$J$1,C3),"mm-dd"),LECTURAS!$A$2:$B$1000,2,FALSE),"")) | D4: =IF(D3="","",IFERROR(VLOOKUP(TEXT(DATE(CONFIG!$B$1,$J$1,D3),"mm-dd"),LECTURAS!$A$2:$B$1000,2,FALSE),"")) | E4: =IF(E3="","",IFERROR(VLOOKUP(TEXT(DATE(CONFIG!$B$1,$J$1,E3),"mm-dd"),LECTURAS!$A$2:$B$1000,2,FALSE),"")) | F4: =IF(F3="","",IFERROR(VLOOKUP(TEXT(DATE(CONFIG!$B$1,$J$1,F3),"mm-dd"),LECTURAS!$A$2:$B$1000,2,FALSE),"")) -> 1 Samuel 18–19; Salmo 10 | G4: =IF(G3="","",IFERROR(VLOOKUP(TEXT(DATE(CONFIG!$B$1,$J$1,G3),"mm-dd"),LECTURAS!$A$2:$B$1000,2,FALSE),"")) -> 1 Samuel 20–21; Salmo 11 | H4: 0 | J4: =DAY(EOMONTH($J$2,0)) -> 31
A5: =IF((($H5*7 + COLUMN()-COLUMN($A$5)+1) - $J$3 + 1)<1,"",IF((($H5*7 + COLUMN()-COLUMN($A$5)+1) - $J$3 + 1)>$J$4,"",(($H5*7 + COLUMN()-COLUMN($A$5)+1) - $J$3 + 1))) -> 3 | B5: =IF((($H5*7 + COLUMN()-COLUMN($A$5)+1) - $J$3 + 1)<1,"",IF((($H5*7 + COLUMN()-COLUMN($A$5)+1) - $J$3 + 1)>$J$4,"",(($H5*7 + COLUMN()-COLUMN($A$5)+1) - $J$3 + 1))) -> 4 | C5: =IF((($H5*7 + COLUMN()-COLUMN($A$5)+1) - $J$3 + 1)<1,"",IF((($H5*7 + COLUMN()-COLUMN($A$5)+1) - $J$3 + 1)>$J$4,"",(($H5*7 + COLUMN()-COLUMN($A$5)+1) - $J$3 + 1))) -> 5 | D5: =IF((($H5*7 + COLUMN()-COLUMN($A$5)+1) - $J$3 + 1)<1,"",IF((($H5*7 + COLUMN()-COLUMN($A$5)+1) - $J$3 + 1)>$J$4,"",(($H5*7 + COLUMN()-COLUMN($A$5)+1) - $J$3 + 1))) -> 6 | E5: =IF((($H5*7 + COLUMN()-COLUMN($A$5)+1) - $J$3 + 1)<1,"",IF((($H5*7 + COLUMN()-COLUMN($A$5)+1) - $J$3 + 1)>$J$4,"",(($H5*7 + COLUMN()-COLUMN($A$5)+1) - $J$3 + 1))) -> 7 | F5: =IF((($H5*7 + COLUMN()-COLUMN($A$5)+1) - $J$3 + 1)<1,"",IF((($H5*7 + COLUMN()-COLUMN($A$5)+1) - $J$3 + 1)>$J$4,"",(($H5*7 + COLUMN()-COLUMN($A$5)+1) - $J$3 + 1))) -> 8 | G5: =IF((($H5*7 + COLUMN()-COLUMN($A$5)+1) - $J$3 + 1)<1,"",IF((($H5*7 + COLUMN()-COLUMN($A$5)+1) - $J$3 + 1)>$J$4,"",(($H5*7 + COLUMN()-COLUMN($A$5)+1) - $J$3 + 1))) -> 9 | H5: 1
A6: =IF(A5="","",IFERROR(VLOOKUP(TEXT(DATE(CONFIG!$B$1,$J$1,A5),"mm-dd"),LECTURAS!$A$2:$B$1000,2,FALSE),"")) -> 1 Samuel 22–23; Salmo 12 | B6: =IF(B5="","",IFERROR(VLOOKUP(TEXT(DATE(CONFIG!$B$1,$J$1,B5),"mm-dd"),LECTURAS!$A$2:$B$1000,2,FALSE),"")) -> 1 Samuel 24–25; Salmo 13 | C6: =IF(C5="","",IFERROR(VLOOKUP(TEXT(DATE(CONFIG!$B$1,$J$1,C5),"mm-dd"),LECTURAS!$A$2:$B$1000,2,FALSE),"")) -> 1 Samuel 26–27; Salmo 14 | D6: =IF(D5="","",IFERROR(VLOOKUP(TEXT(DATE(CONFIG!$B$1,$J$1,D5),"mm-dd"),LECTURAS!$A$2:$B$1000,2,FALSE),"")) -> 1 Samuel 28–31 | E6: =IF(E5="","",IFERROR(VLOOKUP(TEXT(DATE(CONFIG!$B$1,$J$1,E5),"mm-dd"),LECTURAS!$A$2:$B$1000,2,FALSE),"")) -> 2 Samuel 1–2; Salmo 15–17 | F6: =IF(F5="","",IFERROR(VLOOKUP(TEXT(DATE(CONFIG!$B$1,$J$1,F5),"mm-dd"),LECTURAS!$A$2:$B$1000,2,FALSE),"")) -> 2 Samuel 3–4; Salmo 18 | G6: =IF(G5="","",IFERROR(VLOOKUP(TEXT(DATE(CONFIG!$B$1,$J$1,G5),"mm-dd"),LECTURAS!$A$2:$B$1000,2,FALSE),"")) -> 2 Samuel 5–6; Salmo 19 | H6: 1
A7: =IF((($H7*7 + COLUMN()-COLUMN($A$7)+1) - $J$3 + 1)<1,"",IF((($H7*7 + COLUMN()-COLUMN($A$7)+1) - $J$3 + 1)>$J$4,"",(($H7*7 + COLUMN()-COLUMN($A$7)+1) - $J$3 + 1))) -> 10 | B7: =IF((($H7*7 + COLUMN()-COLUMN($A$7)+1) - $J$3 + 1)<1,"",IF((($H7*7 + COLUMN()-COLUMN($A$7)+1) - $J$3 + 1)>$J$4,"",(($H7*7 + COLUMN()-COLUMN($A$7)+1) - $J$3 + 1))) -> 11 | C7: =IF((($H7*7 + COLUMN()-COLUMN($A$7)+1) - $J$3 + 1)<1,"",IF((($H7*7 + COLUMN()-COLUMN($A$7)+1) - $J$3 + 1)>$J$4,"",(($H7*7 + COLUMN()-COLUMN($A$7)+1) - $J$3 + 1))) -> 12 | D7: =IF((($H7*7 + COLUMN()-COLUMN($A$7)+1) - $J$3 + 1)<1,"",IF((($H7*7 + COLUMN()-COLUMN($A$7)+1) - $J$3 + 1)>$J$4,"",(($H7*7 + COLUMN()-COLUMN($A$7)+1) - $J$3 + 1))) -> 13 | E7: =IF((($H7*7 + COLUMN()-COLUMN($A$7)+1) - $J$3 + 1)<1,"",IF((($H7*7 + COLUMN()-COLUMN($A$7)+1) - $J$3 + 1)>$J$4,"",(($H7*7 + COLUMN()-COLUMN($A$7)+1) - $J$3 + 1))) -> 14 | F7: =IF((($H7*7 + COLUMN()-COLUMN($A$7)+1) - $J$3 + 1)<1,"",IF((($H7*7 + COLUMN()-COLUMN($A$7)+1) - $J$3 + 1)>$J$4,"",(($H7*7 + COLUMN()-COLUMN($A$7)+1) - $J$3 + 1))) -> 15 | G7: =IF((($H7*7 + COLUMN()-COLUMN($A$7)+1) - $J$3 + 1)<1,"",IF((($H7*7 + COLUMN()-COLUMN($A$7)+1) - $J$3 + 1)>$J$4,"",(($H7*7 + COLUMN()-COLUMN($A$7)+1) - $J$3 + 1))) -> 16 | H7: 2
A8: =IF(A7="","",IFERROR(VLOOKUP(TEXT(DATE(CONFIG!$B$1,$J$1,A7),"mm-dd"),LECTURAS!$A$2:$B$1000,2,FALSE),"")) -> 2 Samuel 7–8; Salmo 20 | B8: =IF(B7="","",IFERROR(VLOOKUP(TEXT(DATE(CONFIG!$B$1,$J$1,B7),"mm-dd"),LECTURAS!$A$2:$B$1000,2,FALSE),"")) -> 2 Samuel 9–10; Salmo 21 | C8: =IF(C7="","",IFERROR(VLOOKUP(TEXT(DATE(CONFIG!$B$1,$J$1,C7),"mm-dd"),LECTURAS!$A$2:$B$1000,2,FALSE),"")) -> 2 Samuel 11–12; Salmo 22 | D8: =IF(D7="","",IFERROR(VLOOKUP(TEXT(DATE(CONFIG!$B$1,$J$1,D7),"mm-dd"),LECTURAS!$A$2:$B$1000,2,FALSE),"")) -> 2 Samuel 13–14; Salmo 23 | E8: =IF(E7="","",IFERROR(VLOOKUP(TEXT(DATE(CONFIG!$B$1,$J$1,E7),"mm-dd"),LECTURAS!$A$2:$B$1000,2,FALSE),"")) -> 2 Samuel 15–16; Salmo 24–26 | F8: =IF(F7="","",IFERROR(VLOOKUP(TEXT(DATE(CONFIG!$B$1,$J$1,F7),"mm-dd"),LECTURAS!$A$2:$B$1000,2,FALSE),"")) -> 2 Samuel 17–18; Salmo 27 | G8: =IF(G7="","",IFERROR(VLOOKUP(TEXT(DATE(CONFIG!$B$1,$J$1,G7),"mm-dd"),LECTURAS!$A$2:$B$1000,2,FALSE),"")) -> 2 Samuel 19–20; Salmo 28 | H8: 2
A9: =IF((($H9*7 + COLUMN()-COLUMN($A$9)+1) - $J$3 + 1)<1,"",IF((($H9*7 + COLUMN()-COLUMN($A$9)+1) - $J$3 + 1)>$J$4,"",(($H9*7 + COLUMN()-COLUMN($A$9)+1) - $J$3 + 1))) -> 17 | B9: =IF((($H9*7 + COLUMN()-COLUMN($A$9)+1) - $J$3 + 1)<1,"",IF((($H9*7 + COLUMN()-COLUMN($A$9)+1) - $J$3 + 1)>$J$4,"",(($H9*7 + COLUMN()-COLUMN($A$9)+1) - $J$3 + 1))) -> 18 | C9: =IF((($H9*7 + COLUMN()-COLUMN($A$9)+1) - $J$3 + 1)<1,"",IF((($H9*7 + COLUMN()-COLUMN($A$9)+1) - $J$3 + 1)>$J$4,"",(($H9*7 + COLUMN()-COLUMN($A$9)+1) - $J$3 + 1))) -> 19 | D9: =IF((($H9*7 + COLUMN()-COLUMN($A$9)+1) - $J$3 + 1)<1,"",IF((($H9*7 + COLUMN()-COLUMN($A$9)+1) - $J$3 + 1)>$J$4,"",(($H9*7 + COLUMN()-COLUMN($A$9)+1) - $J$3 + 1))) -> 20 | E9: =IF((($H9*7 + COLUMN()-COLUMN($A$9)+1) - $J$3 + 1)<1,"",IF((($H9*7 + COLUMN()-COLUMN($A$9)+1) - $J$3 + 1)>$J$4,"",(($H9*7 + COLUMN()-COLUMN($A$9)+1) - $J$3 + 1))) -> 21 | F9: =IF((($H9*7 + COLUMN()-COLUMN($A$9)+1) - $J$3 + 1)<1,"",IF((($H9*7 + COLUMN()-COLUMN($A$9)+1) - $J$3 + 1)>$J$4,"",(($H9*7 + COLUMN()-COLUMN($A$9)+1) - $J$3 + 1))) -> 22 | G9: =IF((($H9*7 + COLUMN()-COLUMN($A$9)+1) - $J$3 + 1)<1,"",IF((($H9*7 + COLUMN()-COLUMN($A$9)+1) - $J$3 + 1)>$J$4,"",(($H9*7 + COLUMN()-COLUMN($A$9)+1) - $J$3 + 1))) -> 23 | H9: 3
A10: =IF(A9="","",IFERROR(VLOOKUP(TEXT(DATE(CONFIG!$B$1,$J$1,A9),"mm-dd"),LECTURAS!$A$2:$B$1000,2,FALSE),"")) -> 2 Samuel 21–22; Salmo 29 | B10: =IF(B9="","",IFERROR(VLOOKUP(TEXT(DATE(CONFIG!$B$1,$J$1,B9),"mm-dd"),LECTURAS!$A$2:$B$1000,2,FALSE),"")) -> 2 Samuel 23–24; Salmo 30 | C10: =IF(C9="","",IFERROR(VLOOKUP(TEXT(DATE(CONFIG!$B$1,$J$1,C9),"mm-dd"),LECTURAS!$A$2:$B$1000,2,FALSE),"")) -> 1 Reyes 1–2; Salmo 31 | D10: =IF(D9="","",IFERROR(VLOOKUP(TEXT(DATE(CONFIG!$B$1,$J$1,D9),"mm-dd"),LECTURAS!$A$2:$B$1000,2,FALSE),"")) -> 1 Reyes 3–4; Salmo 32–33 | E10: =IF(E9="","",IFERROR(VLOOKUP(TEXT(DATE(CONFIG!$B$1,$J$1,E9),"mm-dd"),LECTURAS!$A$2:$B$1000,2,FALSE),"")) -> 1 Reyes 5–6; Salmo 34–35 | F10: =IF(F9="","",IFERROR(VLOOKUP(TEXT(DATE(CONFIG!$B$1,$J$1,F9),"mm-dd"),LECTURAS!$A$2:$B$1000,2,FALSE),"")) -> 1 Reyes 7–8; Salmo 36 | G10: =IF(G9="","",IFERROR(VLOOKUP(TEXT(DATE(CONFIG!$B$1,$J$1,G9),"mm-dd"),LECTURAS!$A$2:$B$1000,2,FALSE),"")) -> 1 Reyes 9–10; Salmo 37 | H10: 3
A11: =IF((($H11*7 + COLUMN()-COLUMN($A$11)+1) - $J$3 + 1)<1,"",IF((($H11*7 + COLUMN()-COLUMN($A$11)+1) - $J$3 + 1)>$J$4,"",(($H11*7 + COLUMN()-COLUMN($A$11)+1) - $J$3 + 1))) -> 24 | B11: =IF((($H11*7 + COLUMN()-COLUMN($A$11)+1) - $J$3 + 1)<1,"",IF((($H11*7 + COLUMN()-COLUMN($A$11)+1) - $J$3 + 1)>$J$4,"",(($H11*7 + COLUMN()-COLUMN($A$11)+1) - $J$3 + 1))) -> 25 | C11: =IF((($H11*7 + COLUMN()-COLUMN($A$11)+1) - $J$3 + 1)<1,"",IF((($H11*7 + COLUMN()-COLUMN($A$11)+1) - $J$3 + 1)>$J$4,"",(($H11*7 + COLUMN()-COLUMN($A$11)+1) - $J$3 + 1))) -> 26 | D11: =IF((($H11*7 + COLUMN()-COLUMN($A$11)+1) - $J$3 + 1)<1,"",IF((($H11*7 + COLUMN()-COLUMN($A$11)+1) - $J$3 + 1)>$J$4,"",(($H11*7 + COLUMN()-COLUMN($A$11)+1) - $J$3 + 1))) -> 27 | E11: =IF((($H11*7 + COLUMN()-COLUMN($A$11)+1) - $J$3 + 1)<1,"",IF((($H11*7 + COLUMN()-COLUMN($A$11)+1) - $J$3 + 1)>$J$4,"",(($H11*7 + COLUMN()-COLUMN($A$11)+1) - $J$3 + 1))) -> 28 | F11: =IF((($H11*7 + COLUMN()-COLUMN($A$11)+1) - $J$3 + 1)<1,"",IF((($H11*7 + COLUMN()-COLUMN($A$11)+1) - $J$3 + 1)>$J$4,"",(($H11*7 + COLUMN()-COLUMN($A$11)+1) - $J$3 + 1))) -> 29 | G11: =IF((($H11*7 + COLUMN()-COLUMN($A$11)+1) - $J$3 + 1)<1,"",IF((($H11*7 + COLUMN()-COLUMN($A$11)+1) - $J$3 + 1)>$J$4,"",(($H11*7 + COLUMN()-COLUMN($A$11)+1) - $J$3 + 1))) -> 30 | H11: 4
A12: =IF(A11="","",IFERROR(VLOOKUP(TEXT(DATE(CONFIG!$B$1,$J$1,A11),"mm-dd"),LECTURAS!$A$2:$B$1000,2,FALSE),"")) -> 1 Reyes 11–12; Salmo 38 | B12: =IF(B11="","",IFERROR(VLOOKUP(TEXT(DATE(CONFIG!$B$1,$J$1,B11),"mm-dd"),LECTURAS!$A$2:$B$1000,2,FALSE),"")) -> 1 Reyes 13–14; Salmo 39 | C12: =IF(C11="","",IFERROR(VLOOKUP(TEXT(DATE(CONFIG!$B$1,$J$1,C11),"mm-dd"),LECTURAS!$A$2:$B$1000,2,FALSE),"")) -> 1 Reyes 15–16; Salmo 40 | D12: =IF(D11="","",IFERROR(VLOOKUP(TEXT(DATE(CONFIG!$B$1,$J$1,D11),"mm-dd"),LECTURAS!$A$2:$B$1000,2,FALSE),"")) -> 1 Reyes 17–18; Salmo 41 | E12: =IF(E11="","",IFERROR(VLOOKUP(TEXT(DATE(CONFIG!$B$1,$J$1,E11),"mm-dd"),LECTURAS!$A$2:$B$1000,2,FALSE),"")) -> 1 Reyes 19–22 | F12: =IF(F11="","",IFERROR(VLOOKUP(TEXT(DATE(CONFIG!$B$1,$J$1,F11),"mm-dd"),LECTURAS!$A$2:$B$1000,2,FALSE),"")) -> 2 Reyes 1–2; Salmo 42–43 | G12: =IF(G11="","",IFERROR(VLOOKUP(TEXT(DATE(CONFIG!$B$1,$J$1,G11),"mm-dd"),LECTURAS!$A$2:$B$1000,2,FALSE),"")) -> 2 Reyes 3–4; Salmo 44 | H12: 4
A13: =IF((($H13*7 + COLUMN()-COLUMN($A$13)+1) - $J$3 + 1)<1,"",IF((($H13*7 + COLUMN()-COLUMN($A$13)+1) - $J$3 + 1)>$J$4,"",(($H13*7 + COLUMN()-COLUMN($A$13)+1) - $J$3 + 1))) -> 31 | B13: =IF((($H13*7 + COLUMN()-COLUMN($A$13)+1) - $J$3 + 1)<1,"",IF((($H13*7 + COLUMN()-COLUMN($A$13)+1) - $J$3 + 1)>$J$4,"",(($H13*7 + COLUMN()-COLUMN($A$13)+1) - $J$3 + 1))) | C13: =IF((($H13*7 + COLUMN()-COLUMN($A$13)+1) - $J$3 + 1)<1,"",IF((($H13*7 + COLUMN()-COLUMN($A$13)+1) - $J$3 + 1)>$J$4,"",(($H13*7 + COLUMN()-COLUMN($A$13)+1) - $J$3 + 1))) | D13: =IF((($H13*7 + COLUMN()-COLUMN($A$13)+1) - $J$3 + 1)<1,"",IF((($H13*7 + COLUMN()-COLUMN($A$13)+1) - $J$3 + 1)>$J$4,"",(($H13*7 + COLUMN()-COLUMN($A$13)+1) - $J$3 + 1))) | E13: =IF((($H13*7 + COLUMN()-COLUMN($A$13)+1) - $J$3 + 1)<1,"",IF((($H13*7 + COLUMN()-COLUMN($A$13)+1) - $J$3 + 1)>$J$4,"",(($H13*7 + COLUMN()-COLUMN($A$13)+1) - $J$3 + 1))) | F13: =IF((($H13*7 + COLUMN()-COLUMN($A$13)+1) - $J$3 + 1)<1,"",IF((($H13*7 + COLUMN()-COLUMN($A$13)+1) - $J$3 + 1)>$J$4,"",(($H13*7 + COLUMN()-COLUMN($A$13)+1) - $J$3 + 1))) | G13: =IF((($H13*7 + COLUMN()-COLUMN($A$13)+1) - $J$3 + 1)<1,"",IF((($H13*7 + COLUMN()-COLUMN($A$13)+1) - $J$3 + 1)>$J$4,"",(($H13*7 + COLUMN()-COLUMN($A$13)+1) - $J$3 + 1))) | H13: 5
A14: =IF(A13="","",IFERROR(VLOOKUP(TEXT(DATE(CONFIG!$B$1,$J$1,A13),"mm-dd"),LECTURAS!$A$2:$B$1000,2,FALSE),"")) -> 2 Reyes 5–6; Salmo 45 | B14: =IF(B13="","",IFERROR(VLOOKUP(TEXT(DATE(CONFIG!$B$1,$J$1,B13),"mm-dd"),LECTURAS!$A$2:$B$1000,2,FALSE),"")) | C14: =IF(C13="","",IFERROR(VLOOKUP(TEXT(DATE(CONFIG!$B$1,$J$1,C13),"mm-dd"),LECTURAS!$A$2:$B$1000,2,FALSE),"")) | D14: =IF(D13="","",IFERROR(VLOOKUP(TEXT(DATE(CONFIG!$B$1,$J$1,D13),"mm-dd"),LECTURAS!$A$2:$B$1000,2,FALSE),"")) | E14: =IF(E13="","",IFERROR(VLOOKUP(TEXT(DATE(CONFIG!$B$1,$J$1,E13),"mm-dd"),LECTURAS!$A$2:$B$1000,2,FALSE),"")) | F14: =IF(F13="","",IFERROR(VLOOKUP(TEXT(DATE(CONFIG!$B$1,$J$1,F13),"mm-dd"),LECTURAS!$A$2:$B$1000,2,FALSE),"")) | G14: =IF(G13="","",IFERROR(VLOOKUP(TEXT(DATE(CONFIG!$B$1,$J$1,G13),"mm-dd"),LECTURAS!$A$2:$B$1000,2,FALSE),"")) | H14: 5

Sheet Junio
A1: Junio | J1: 6
A2: Domingo | B2: Lunes | C2: Martes | D2: Miércoles | E2: Jueves | F2: Viernes | G2: Sábado | J2: =DATE(CONFIG!$B$1,$J$1,1) -> 46174
A3: =IF((($H3*7 + COLUMN()-COLUMN($A$3)+1) - $J$3 + 1)<1,"",IF((($H3*7 + COLUMN()-COLUMN($A$3)+1) - $J$3 + 1)>$J$4,"",(($H3*7 + COLUMN()-COLUMN($A$3)+1) - $J$3 + 1))) | B3: =IF((($H3*7 + COLUMN()-COLUMN($A$3)+1) - $J$3 + 1)<1,"",IF((($H3*7 + COLUMN()-COLUMN($A$3)+1) - $J$3 + 1)>$J$4,"",(($H3*7 + COLUMN()-COLUMN($A$3)+1) - $J$3 + 1))) -> 1 | C3: =IF((($H3*7 + COLUMN()-COLUMN($A$3)+1) - $J$3 + 1)<1,"",IF((($H3*7 + COLUMN()-COLUMN($A$3)+1) - $J$3 + 1)>$J$4,"",(($H3*7 + COLUMN()-COLUMN($A$3)+1) - $J$3 + 1))) -> 2 | D3: =IF((($H3*7 + COLUMN()-COLUMN($A$3)+1) - $J$3 + 1)<1,"",IF((($H3*7 + COLUMN()-COLUMN($A$3)+1) - $J$3 + 1)>$J$4,"",(($H3*7 + COLUMN()-COLUMN($A$3)+1) - $J$3 + 1))) -> 3 | E3: =IF((($H3*7 + COLUMN()-COLUMN($A$3)+1) - $J$3 + 1)<1,"",IF((($H3*7 + COLUMN()-COLUMN($A$3)+1) - $J$3 + 1)>$J$4,"",(($H3*7 + COLUMN()-COLUMN($A$3)+1) - $J$3 + 1))) -> 4 | F3: =IF((($H3*7 + COLUMN()-COLUMN($A$3)+1) - $J$3 + 1)<1,"",IF((($H3*7 + COLUMN()-COLUMN($A$3)+1) - $J$3 + 1)>$J$4,"",(($H3*7 + COLUMN()-COLUMN($A$3)+1) - $J$3 + 1))) -> 5 | G3: =IF((($H3*7 + COLUMN()-COLUMN($A$3)+1) - $J$3 + 1)<1,"",IF((($H3*7 + COLUMN()-COLUMN($A$3)+1) - $J$3 + 1)>$J$4,"",(($H3*7 + COLUMN()-COLUMN($A$3)+1) - $J$3 + 1))) -> 6 | H3: 0 | J3: =WEEKDAY($J$2,1) -> 2
A4: =IF(A3="","",IFERROR(VLOOKUP(TEXT(DATE(CONFIG!$B$1,$J$1,A3),"mm-dd"),LECTURAS!$A$2:$B$1000,2,FALSE),"")) | B4: =IF(B3="","",IFERROR(VLOOKUP(TEXT(DATE(CONFIG!$B$1,$J$1,B3),"mm-dd"),LECTURAS!$A$2:$B$1000,2,FALSE),"")) -> 2 Reyes 7–8; Salmo 46 | C4: =IF(C3="","",IFERROR(VLOOKUP(TEXT(DATE(CONFIG!$B$1,$J$1,C3),"mm-dd"),LECTURAS!$A$2:$B$1000,2,FALSE),"")) -> 2 Reyes 9–10; Abdías | D4: =IF(D3="","",IFERROR(VLOOKUP(TEXT(DATE(CONFIG!$B$1,$J$1,D3),"mm-dd"),LECTURAS!$A$2:$B$1000,2,FALSE),"")) -> 2 Reyes 11–12; Joel 1–2 | E4: =IF(E3="","",IFERROR(VLOOKUP(TEXT(DATE(CONFIG!$B$1,$J$1,E3),"mm-dd"),LECTURAS!$A$2:$B$1000,2,FALSE),"")) -> 2 Reyes 13–15; Joel 3 | F4: =IF(F3="","",IFERROR(VLOOKUP(TEXT(DATE(CONFIG!$B$1,$J$1,F3),"mm-dd"),LECTURAS!$A$2:$B$1000,2,FALSE),"")) -> Miqueas 1–3 | G4: =IF(G3="","",IFERROR(VLOOKUP(TEXT(DATE(CONFIG!$B$1,$J$1,G3),"mm-dd"),LECTURAS!$A$2:$B$1000,2,FALSE),"")) -> Miqueas 4–6 | H4: 0 | J4: =DAY(EOMONTH($J$2,0)) -> 30
A5: =IF((($H5*7 + COLUMN()-COLUMN($A$5)+1) - $J$3 + 1)<1,"",IF((($H5*7 + COLUMN()-COLUMN($A$5)+1) - $J$3 + 1)>$J$4,"",(($H5*7 + COLUMN()-COLUMN($A$5)+1) - $J$3 + 1))) -> 7 | B5: =IF((($H5*7 + COLUMN()-COLUMN($A$5)+1) - $J$3 + 1)<1,"",IF((($H5*7 + COLUMN()-COLUMN($A$5)+1) - $J$3 + 1)>$J$4,"",(($H5*7 + COLUMN()-COLUMN($A$5)+1) - $J$3 + 1))) -> 8 | C5: =IF((($H5*7 + COLUMN()-COLUMN($A$5)+1) - $J$3 + 1)<1,"",IF((($H5*7 + COLUMN()-COLUMN($A$5)+1) - $J$3 + 1)>$J$4,"",(($H5*7 + COLUMN()-COLUMN($A$5)+1) - $J$3 + 1))) -> 9 | D5: =IF((($H5*7 + COLUMN()-COLUMN($A$5)+1) - $J$3 + 1)<1,"",IF((($H5*7 + COLUMN()-COLUMN($A$5)+1) - $J$3 + 1)>$J$4,"",(($H5*7 + COLUMN()-COLUMN($A$5)+1) - $J$3 + 1))) -> 10 | E5: =IF((($H5*7 + COLUMN()-COLUMN($A$5)+1) - $J$3 + 1)<1,"",IF((($H5*7 + COLUMN()-COLUMN($A$5)+1) - $J$3 + 1)>$J$4,"",(($H5*7 + COLUMN()-COLUMN($A$5)+1) - $J$3 + 1))) -> 11 | F5: =IF((($H5*7 + COLUMN()-COLUMN($A$5)+1) - $J$3 + 1)<1,"",IF((($H5*7 + COLUMN()-COLUMN($A$5)+1) - $J$3 + 1)>$J$4,"",(($H5*7 + COLUMN()-COLUMN($A$5)+1) - $J$3 + 1))) -> 12 | G5: =IF((($H5*7 + COLUMN()-COLUMN($A$5)+1) - $J$3 + 1)<1,"",IF((($H5*7 + COLUMN()-COLUMN($A$5)+1) - $J$3 + 1)>$J$4,"",(($H5*7 + COLUMN()-COLUMN($A$5)+1) - $J$3 + 1))) -> 13 | H5: 1
A6: =IF(A5="","",IFERROR(VLOOKUP(TEXT(DATE(CONFIG!$B$1,$J$1,A5),"mm-dd"),LECTURAS!$A$2:$B$1000,2,FALSE),"")) -> 2 Reyes 16–17 | B6: =IF(B5="","",IFERROR(VLOOKUP(TEXT(DATE(CONFIG!$B$1,$J$1,B5),"mm-dd"),LECTURAS!$A$2:$B$1000,2,FALSE),"")) -> 2 Reyes 18–19 | C6: =IF(C5="","",IFERROR(VLOOKUP(TEXT(DATE(CONFIG!$B$1,$J$1,C5),"mm-dd"),LECTURAS!$A$2:$B$1000,2,FALSE),"")) -> 2 Reyes 20–21; Isaías 1–2 | D6: =IF(D5="","",IFERROR(VLOOKUP(TEXT(DATE(CONFIG!$B$1,$J$1,D5),"mm-dd"),LECTURAS!$A$2:$B$1000,2,FALSE),"")) -> 2 Reyes 22; Isaías 3–4 | E6: =IF(E5="","",IFERROR(VLOOKUP(TEXT(DATE(CONFIG!$B$1,$J$1,E5),"mm-dd"),LECTURAS!$A$2:$B$1000,2,FALSE),"")) -> 2 Reyes 23; Isaías 5–6 | F6: =IF(F5="","",IFERROR(VLOOKUP(TEXT(DATE(CONFIG!$B$1,$J$1,F5),"mm-dd"),LECTURAS!$A$2:$B$1000,2,FALSE),"")) -> 2 Reyes 24; Isaías 7–8 | G6: =IF(G5="","",IFERROR(VLOOKUP(TEXT(DATE(CONFIG!$B$1,$J$1,G5),"mm-dd"),LECTURAS!$A$2:$B$1000,2,FALSE),"")) -> 2 Reyes 25; Isaías 9–10 | H6: 1
A7: =IF((($H7*7 + COLUMN()-COLUMN($A$7)+1) - $J$3 + 1)<1,"",IF((($H7*7 + COLUMN()-COLUMN($A$7)+1) - $J$3 + 1)>$J$4,"",(($H7*7 + COLUMN()-COLUMN($A$7)+1) - $J$3 + 1))) -> 14 | B7: =IF((($H7*7 + COLUMN()-COLUMN($A$7)+1) - $J$3 + 1)<1,"",IF((($H7*7 + COLUMN()-COLUMN($A$7)+1) - $J$3 + 1)>$J$4,"",(($H7*7 + COLUMN()-COLUMN($A$7)+1) - $J$3 + 1))) -> 15 | C7: =IF((($H7*7 + COLUMN()-COLUMN($A$7)+1) - $J$3 + 1)<1,"",IF((($H7*7 + COLUMN()-COLUMN($A$7)+1) - $J$3 + 1)>$J$4,"",(($H7*7 + COLUMN()-COLUMN($A$7)+1) - $J$3 + 1))) -> 16 | D7: =IF((($H7*7 + COLUMN()-COLUMN($A$7)+1) - $J$3 + 1)<1,"",IF((($H7*7 + COLUMN()-COLUMN($A$7)+1) - $J$3 + 1)>$J$4,"",(($H7*7 + COLUMN()-COLUMN($A$7)+1) - $J$3 + 1))) -> 17 | E7: =IF((($H7*7 + COLUMN()-COLUMN($A$7)+1) - $J$3 + 1)<1,"",IF((($H7*7 + COLUMN()-COLUMN($A$7)+1) - $J$3 + 1)>$J$4,"",(($H7*7 + COLUMN()-COLUMN($A$7)+1) - $J$3 + 1))) -> 18 | F7: =IF((($H7*7 + COLUMN()-COLUMN($A$7)+1) - $J$3 + 1)<1,"",IF((($H7*7 + COLUMN()-COLUMN($A$7)+1) - $J$3 + 1)>$J$4,"",(($H7*7 + COLUMN()-COLUMN($A$7)+1) - $J$3 + 1))) -> 19 | G7: =IF((($H7*7 + COLUMN()-COLUMN($A$7)+1) - $J$3 + 1)<1,"",IF((($H7*7 + COLUMN()-COLUMN($A$7)+1) - $J$3 + 1)>$J$4,"",(($H7*7 + COLUMN()-COLUMN($A$7)+1) - $J$3 + 1))) -> 20 | H7: 2
A8: =IF(A7="","",IFERROR(VLOOKUP(TEXT(DATE(CONFIG!$B$1,$J$1,A7),"mm-dd"),LECTURAS!$A$2:$B$1000,2,FALSE),"")) -> Isaías 11–13 | B8: =IF(B7="","",IFERROR(VLOOKUP(TEXT(DATE(CONFIG!$B$1,$J$1,B7),"mm-dd"),LECTURAS!$A$2:$B$1000,2,FALSE),"")) -> Isaías 14–16 | C8: =IF(C7="","",IFERROR(VLOOKUP(TEXT(DATE(CONFIG!$B$1,$J$1,C7),"mm-dd"),LECTURAS!$A$2:$B$1000,2,FALSE),"")) -> Isaías 17–19 | D8: =IF(D7="","",IFERROR(VLOOKUP(TEXT(DATE(CONFIG!$B$1,$J$1,D7),"mm-dd"),LECTURAS!$A$2:$B$1000,2,FALSE),"")) -> Isaías 20–22 | E8: =IF(E7="","",IFERROR(VLOOKUP(TEXT(DATE(CONFIG!$B$1,$J$1,E7),"mm-dd"),LECTURAS!$A$2:$B$1000,2,FALSE),"")) -> Isaías 23–27 | F8: =IF(F7="","",IFERROR(VLOOKUP(TEXT(DATE(CONFIG!$B$1,$J$1,F7),"mm-dd"),LECTURAS!$A$2:$B$1000,2,FALSE),"")) -> Isaías 28–31 | G8: =IF(G7="","",IFERROR(VLOOKUP(TEXT(DATE(CONFIG!$B$1,$J$1,G7),"mm-dd"),LECTURAS!$A$2:$B$1000,2,FALSE),"")) -> Isaías 32–35 | H8: 2
A9: =IF((($H9*7 + COLUMN()-COLUMN($A$9)+1) - $J$3 + 1)<1,"",IF((($H9*7 + COLUMN()-COLUMN($A$9)+1) - $J$3 + 1)>$J$4,"",(($H9*7 + COLUMN()-COLUMN($A$9)+1) - $J$3 + 1))) -> 21 | B9: =IF((($H9*7 + COLUMN()-COLUMN($A$9)+1) - $J$3 + 1)<1,"",IF((($H9*7 + COLUMN()-COLUMN($A$9)+1) - $J$3 + 1)>$J$4,"",(($H9*7 + COLUMN()-COLUMN($A$9)+1) - $J$3 + 1))) -> 22 | C9: =IF((($H9*7 + COLUMN()-COLUMN($A$9)+1) - $J$3 + 1)<1,"",IF((($H9*7 + COLUMN()-COLUMN($A$9)+1) - $J$3 + 1)>$J$4,"",(($H9*7 + COLUMN()-COLUMN($A$9)+1) - $J$3 + 1))) -> 23 | D9: =IF((($H9*7 + COLUMN()-COLUMN($A$9)+1) - $J$3 + 1)<1,"",IF((($H9*7 + COLUMN()-COLUMN($A$9)+1) - $J$3 + 1)>$J$4,"",(($H9*7 + COLUMN()-COLUMN($A$9)+1) - $J$3 + 1))) -> 24 | E9: =IF((($H9*7 + COLUMN()-COLUMN($A$9)+1) - $J$3 + 1)<1,"",IF((($H9*7 + COLUMN()-COLUMN($A$9)+1) - $J$3 + 1)>$J$4,"",(($H9*7 + COLUMN()-COLUMN($A$9)+1) - $J$3 + 1))) -> 25 | F9: =IF((($H9*7 + COLUMN()-COLUMN($A$9)+1) - $J$3 + 1)<1,"",IF((($H9*7 + COLUMN()-COLUMN($A$9)+1) - $J$3 + 1)>$J$4,"",(($H9*7 + COLUMN()-COLUMN($A$9)+1) - $J$3 + 1))) -> 26 | G9: =IF((($H9*7 + COLUMN()-COLUMN($A$9)+1) - $J$3 + 1)<1,"",IF((($H9*7 + COLUMN()-COLUMN($A$9)+1) - $J$3 + 1)>$J$4,"",(($H9*7 + COLUMN()-COLUMN($A$9)+1) - $J$3 + 1))) -> 27 | H9: 3
A10: =IF(A9="","",IFERROR(VLOOKUP(TEXT(DATE(CONFIG!$B$1,$J$1,A9),"mm-dd"),LECTURAS!$A$2:$B$1000,2,FALSE),"")) -> Isaías 36–37; Salmo 47 | B10: =IF(B9="","",IFERROR(VLOOKUP(TEXT(DATE(CONFIG!$B$1,$J$1,B9),"mm-dd"),LECTURAS!$A$2:$B$1000,2,FALSE),"")) -> 1 Crónicas 1; Oseas 1–2 | C10: =IF(C9="","",IFERROR(VLOOKUP(TEXT(DATE(CONFIG!$B$1,$J$1,C9),"mm-dd"),LECTURAS!$A$2:$B$1000,2,FALSE),"")) -> 1 Crónicas 2; Oseas 3–4 | D10: =IF(D9="","",IFERROR(VLOOKUP(TEXT(DATE(CONFIG!$B$1,$J$1,D9),"mm-dd"),LECTURAS!$A$2:$B$1000,2,FALSE),"")) -> 1 Crónicas 3; Oseas 5–6 | E10: =IF(E9="","",IFERROR(VLOOKUP(TEXT(DATE(CONFIG!$B$1,$J$1,E9),"mm-dd"),LECTURAS!$A$2:$B$1000,2,FALSE),"")) -> 1 Crónicas 4; Oseas 7–10 | F10: =IF(F9="","",IFERROR(VLOOKUP(TEXT(DATE(CONFIG!$B$1,$J$1,F9),"mm-dd"),LECTURAS!$A$2:$B$1000,2,FALSE),"")) -> 1 Crónicas 5; Oseas 11–12 | G10: =IF(G9="","",IFERROR(VLOOKUP(TEXT(DATE(CONFIG!$B$1,$J$1,G9),"mm-dd"),LECTURAS!$A$2:$B$1000,2,FALSE),"")) -> 1 Crónicas 6; Oseas 13–14 | H10: 3
A11: =IF((($H11*7 + COLUMN()-COLUMN($A$11)+1) - $J$3 + 1)<1,"",IF((($H11*7 + COLUMN()-COLUMN($A$11)+1) - $J$3 + 1)>$J$4,"",(($H11*7 + COLUMN()-COLUMN($A$11)+1) - $J$3 + 1))) -> 28 | B11: =IF((($H11*7 + COLUMN()-COLUMN($A$11)+1) - $J$3 + 1)<1,"",IF((($H11*7 + COLUMN()-COLUMN($A$11)+1) - $J$3 + 1)>$J$4,"",(($H11*7 + COLUMN()-COLUMN($A$11)+1) - $J$3 + 1))) -> 29 | C11: =IF((($H11*7 + COLUMN()-COLUMN($A$11)+1) - $J$3 + 1)<1,"",IF((($H11*7 + COLUMN()-COLUMN($A$11)+1) - $J$3 + 1)>$J$4,"",(($H11*7 + COLUMN()-COLUMN($A$11)+1) - $J$3 + 1))) -> 30 | D11: =IF((($H11*7 + COLUMN()-COLUMN($A$11)+1) - $J$3 + 1)<1,"",IF((($H11*7 + COLUMN()-COLUMN($A$11)+1) - $J$3 + 1)>$J$4,"",(($H11*7 + COLUMN()-COLUMN($A$11)+1) - $J$3 + 1))) | E11: =IF((($H11*7 + COLUMN()-COLUMN($A$11)+1) - $J$3 + 1)<1,"",IF((($H11*7 + COLUMN()-COLUMN($A$11)+1) - $J$3 + 1)>$J$4,"",(($H11*7 + COLUMN()-COLUMN($A$11)+1) - $J$3 + 1))) | F11: =IF((($H11*7 + COLUMN()-COLUMN($A$11)+1) - $J$3 + 1)<1,"",IF((($H11*7 + COLUMN()-COLUMN($A$11)+1) - $J$3 + 1)>$J$4,"",(($H11*7 + COLUMN()-COLUMN($A$11)+1) - $J$3 + 1))) | G11: =IF((($H11*7 + COLUMN()-COLUMN($A$11)+1) - $J$3 + 1)<1,"",IF((($H11*7 + COLUMN()-COLUMN($A$11)+1) - $J$3 + 1)>$J$4,"",(($H11*7 + COLUMN()-COLUMN($A$11)+1) - $J$3 + 1))) | H11: 4
A12: =IF(A11="","",IFERROR(VLOOKUP(TEXT(DATE(CONFIG!$B$1,$J$1,A11),"mm-dd"),LECTURAS!$A$2:$B$1000,2,FALSE),"")) -> 1 Crónicas 7; Amós 1–2 | B12: =IF(B11="","",IFERROR(VLOOKUP(TEXT(DATE(CONFIG!$B$1,$J$1,B11),"mm-dd"),LECTURAS!$A$2:$B$1000,2,FALSE),"")) -> 1 Crónicas 8; Amós 3–4 | C12: =IF(C11="","",IFERROR(VLOOKUP(TEXT(DATE(CONFIG!$B$1,$J$1,C11),"mm-dd"),LECTURAS!$A$2:$B$1000,2,FALSE),"")) -> 1 Crónicas 9; Amós 5–6 | D12: =IF(D11="","",IFERROR(VLOOKUP(TEXT(DATE(CONFIG!$B$1,$J$1,D11),"mm-dd"),LECTURAS!$A$2:$B$1000,2,FALSE),"")) | E12: =IF(E11="","",IFERROR(VLOOKUP(TEXT(DATE(CONFIG!$B$1,$J$1,E11),"mm-dd"),LECTURAS!$A$2:$B$1000,2,FALSE),"")) | F12: =IF(F11="","",IFERROR(VLOOKUP(TEXT(DATE(CONFIG!$B$1,$J$1,F11),"mm-dd"),LECTURAS!$A$2:$B$1000,2,FALSE),"")) | G12: =IF(G11="","",IFERROR(VLOOKUP(TEXT(DATE(CONFIG!$B$1,$J$1,G11),"mm-dd"),LECTURAS!$A$2:$B$1000,2,FALSE),"")) | H12: 4
A13: =IF((($H13*7 + COLUMN()-COLUMN($A$13)+1) - $J$3 + 1)<1,"",IF((($H13*7 + COLUMN()-COLUMN($A$13)+1) - $J$3 + 1)>$J$4,"",(($H13*7 + COLUMN()-COLUMN($A$13)+1) - $J$3 + 1))) | B13: =IF((($H13*7 + COLUMN()-COLUMN($A$13)+1) - $J$3 + 1)<1,"",IF((($H13*7 + COLUMN()-COLUMN($A$13)+1) - $J$3 + 1)>$J$4,"",(($H13*7 + COLUMN()-COLUMN($A$13)+1) - $J$3 + 1))) | C13: =IF((($H13*7 + COLUMN()-COLUMN($A$13)+1) - $J$3 + 1)<1,"",IF((($H13*7 + COLUMN()-COLUMN($A$13)+1) - $J$3 + 1)>$J$4,"",(($H13*7 + COLUMN()-COLUMN($A$13)+1) - $J$3 + 1))) | D13: =IF((($H13*7 + COLUMN()-COLUMN($A$13)+1) - $J$3 + 1)<1,"",IF((($H13*7 + COLUMN()-COLUMN($A$13)+1) - $J$3 + 1)>$J$4,"",(($H13*7 + COLUMN()-COLUMN($A$13)+1) - $J$3 + 1))) | E13: =IF((($H13*7 + COLUMN()-COLUMN($A$13)+1) - $J$3 + 1)<1,"",IF((($H13*7 + COLUMN()-COLUMN($A$13)+1) - $J$3 + 1)>$J$4,"",(($H13*7 + COLUMN()-COLUMN($A$13)+1) - $J$3 + 1))) | F13: =IF((($H13*7 + COLUMN()-COLUMN($A$13)+1) - $J$3 + 1)<1,"",IF((($H13*7 + COLUMN()-COLUMN($A$13)+1) - $J$3 + 1)>$J$4,"",(($H13*7 + COLUMN()-COLUMN($A$13)+1) - $J$3 + 1))) | G13: =IF((($H13*7 + COLUMN()-COLUMN($A$13)+1) - $J$3 + 1)<1,"",IF((($H13*7 + COLUMN()-COLUMN($A$13)+1) - $J$3 + 1)>$J$4,"",(($H13*7 + COLUMN()-COLUMN($A$13)+1) - $J$3 + 1))) | H13: 5
A14: =IF(A13="","",IFERROR(VLOOKUP(TEXT(DATE(CONFIG!$B$1,$J$1,A13),"mm-dd"),LECTURAS!$A$2:$B$1000,2,FALSE),"")) | B14: =IF(B13="","",IFERROR(VLOOKUP(TEXT(DATE(CONFIG!$B$1,$J$1,B13),"mm-dd"),LECTURAS!$A$2:$B$1000,2,FALSE),"")) | C14: =IF(C13="","",IFERROR(VLOOKUP(TEXT(DATE(CONFIG!$B$1,$J$1,C13),"mm-dd"),LECTURAS!$A$2:$B$1000,2,FALSE),"")) | D14: =IF(D13="","",IFERROR(VLOOKUP(TEXT(DATE(CONFIG!$B$1,$J$1,D13),"mm-dd"),LECTURAS!$A$2:$B$1000,2,FALSE),"")) | E14: =IF(E13="","",IFERROR(VLOOKUP(TEXT(DATE(CONFIG!$B$1,$J$1,E13),"mm-dd"),LECTURAS!$A$2:$B$1000,2,FALSE),"")) | F14: =IF(F13="","",IFERROR(VLOOKUP(TEXT(DATE(CONFIG!$B$1,$J$1,F13),"mm-dd"),LECTURAS!$A$2:$B$1000,2,FALSE),"")) | G14: =IF(G13="","",IFERROR(VLOOKUP(TEXT(DATE(CONFIG!$B$1,$J$1,G13),"mm-dd"),LECTURAS!$A$2:$B$1000,2,FALSE),"")) | H14: 5

Sheet Julio
A1: Julio | J1: 7
A2: Domingo | B2: Lunes | C2: Martes | D2: Miércoles | E2: Jueves | F2: Viernes | G2: Sábado | J2: =DATE(CONFIG!$B$1,$J$1,1) -> 46204
A3: =IF((($H3*7 + COLUMN()-COLUMN($A$3)+1) - $J$3 + 1)<1,"",IF((($H3*7 + COLUMN()-COLUMN($A$3)+1) - $J$3 + 1)>$J$4,"",(($H3*7 + COLUMN()-COLUMN($A$3)+1) - $J$3 + 1))) | B3: =IF((($H3*7 + COLUMN()-COLUMN($A$3)+1) - $J$3 + 1)<1,"",IF((($H3*7 + COLUMN()-COLUMN($A$3)+1) - $J$3 + 1)>$J$4,"",(($H3*7 + COLUMN()-COLUMN($A$3)+1) - $J$3 + 1))) | C3: =IF((($H3*7 + COLUMN()-COLUMN($A$3)+1) - $J$3 + 1)<1,"",IF((($H3*7 + COLUMN()-COLUMN($A$3)+1) - $J$3 + 1)>$J$4,"",(($H3*7 + COLUMN()-COLUMN($A$3)+1) - $J$3 + 1))) | D3: =IF((($H3*7 + COLUMN()-COLUMN($A$3)+1) - $J$3 + 1)<1,"",IF((($H3*7 + COLUMN()-COLUMN($A$3)+1) - $J$3 + 1)>$J$4,"",(($H3*7 + COLUMN()-COLUMN($A$3)+1) - $J$3 + 1))) -> 1 | E3: =IF((($H3*7 + COLUMN()-COLUMN($A$3)+1) - $J$3 + 1)<1,"",IF((($H3*7 + COLUMN()-COLUMN($A$3)+1) - $J$3 + 1)>$J$4,"",(($H3*7 + COLUMN()-COLUMN($A$3)+1) - $J$3 + 1))) -> 2 | F3: =IF((($H3*7 + COLUMN()-COLUMN($A$3)+1) - $J$3 + 1)<1,"",IF((($H3*7 + COLUMN()-COLUMN($A$3)+1) - $J$3 + 1)>$J$4,"",(($H3*7 + COLUMN()-COLUMN($A$3)+1) - $J$3 + 1))) -> 3 | G3: =IF((($H3*7 + COLUMN()-COLUMN($A$3)+1) - $J$3 + 1)<1,"",IF((($H3*7 + COLUMN()-COLUMN($A$3)+1) - $J$3 + 1)>$J$4,"",(($H3*7 + COLUMN()-COLUMN($A$3)+1) - $J$3 + 1))) -> 4 | H3: 0 | J3: =WEEKDAY($J$2,1) -> 4
A4: =IF(A3="","",IFERROR(VLOOKUP(TEXT(DATE(CONFIG!$B$1,$J$1,A3),"mm-dd"),LECTURAS!$A$2:$B$1000,2,FALSE),"")) | B4: =IF(B3="","",IFERROR(VLOOKUP(TEXT(DATE(CONFIG!$B$1,$J$1,B3),"mm-dd"),LECTURAS!$A$2:$B$1000,2,FALSE),"")) | C4: =IF(C3="","",IFERROR(VLOOKUP(TEXT(DATE(CONFIG!$B$1,$J$1,C3),"mm-dd"),LECTURAS!$A$2:$B$1000,2,FALSE),"")) | D4: =IF(D3="","",IFERROR(VLOOKUP(TEXT(DATE(CONFIG!$B$1,$J$1,D3),"mm-dd"),LECTURAS!$A$2:$B$1000,2,FALSE),"")) -> 1 Crónicas 10; Amós 7–9 | E4: =IF(E3="","",IFERROR(VLOOKUP(TEXT(DATE(CONFIG!$B$1,$J$1,E3),"mm-dd"),LECTURAS!$A$2:$B$1000,2,FALSE),"")) -> 1 Crónicas 11; Jonás 1–2 | F4: =IF(F3="","",IFERROR(VLOOKUP(TEXT(DATE(CONFIG!$B$1,$J$1,F3),"mm-dd"),LECTURAS!$A$2:$B$1000,2,FALSE),"")) -> 1 Crónicas 12; Jonás 3–4 | G4: =IF(G3="","",IFERROR(VLOOKUP(TEXT(DATE(CONFIG!$B$1,$J$1,G3),"mm-dd"),LECTURAS!$A$2:$B$1000,2,FALSE),"")) -> 1 Crónicas 13; Isaías 38–39 | H4: 0 | J4: =DAY(EOMONTH($J$2,0)) -> 31
A5: =IF((($H5*7 + COLUMN()-COLUMN($A$5)+1) - $J$3 + 1)<1,"",IF((($H5*7 + COLUMN()-COLUMN($A$5)+1) - $J$3 + 1)>$J$4,"",(($H5*7 + COLUMN()-COLUMN($A$5)+1) - $J$3 + 1))) -> 5 | B5: =IF((($H5*7 + COLUMN()-COLUMN($A$5)+1) - $J$3 + 1)<1,"",IF((($H5*7 + COLUMN()-COLUMN($A$5)+1) - $J$3 + 1)>$J$4,"",(($H5*7 + COLUMN()-COLUMN($A$5)+1) - $J$3 + 1))) -> 6 | C5: =IF((($H5*7 + COLUMN()-COLUMN($A$5)+1) - $J$3 + 1)<1,"",IF((($H5*7 + COLUMN()-COLUMN($A$5)+1) - $J$3 + 1)>$J$4,"",(($H5*7 + COLUMN()-COLUMN($A$5)+1) - $J$3 + 1))) -> 7 | D5: =IF((($H5*7 + COLUMN()-COLUMN($A$5)+1) - $J$3 + 1)<1,"",IF((($H5*7 + COLUMN()-COLUMN($A$5)+1) - $J$3 + 1)>$J$4,"",(($H5*7 + COLUMN()-COLUMN($A$5)+1) - $J$3 + 1))) -> 8 | E5: =IF((($H5*7 + COLUMN()-COLUMN($A$5)+1) - $J$3 + 1)<1,"",IF((($H5*7 + COLUMN()-COLUMN($A$5)+1) - $J$3 + 1)>$J$4,"",(($H5*7 + COLUMN()-COLUMN($A$5)+1) - $J$3 + 1))) -> 9 | F5: =IF((($H5*7 + COLUMN()-COLUMN($A$5)+1) - $J$3 + 1)<1,"",IF((($H5*7 + COLUMN()-COLUMN($A$5)+1) - $J$3 + 1)>$J$4,"",(($H5*7 + COLUMN()-COLUMN($A$5)+1) - $J$3 + 1))) -> 10 | G5: =IF((($H5*7 + COLUMN()-COLUMN($A$5)+1) - $J$3 + 1)<1,"",IF((($H5*7 + COLUMN()-COLUMN($A$5)+1) - $J$3 + 1)>$J$4,"",(($H5*7 + COLUMN()-COLUMN($A$5)+1) - $J$3 + 1))) -> 11 | H5: 1
A6: =IF(A5="","",IFERROR(VLOOKUP(TEXT(DATE(CONFIG!$B$1,$J$1,A5),"mm-dd"),LECTURAS!$A$2:$B$1000,2,FALSE),"")) -> 1 Crónicas 14; Isaías 40–41 | B6: =IF(B5="","",IFERROR(VLOOKUP(TEXT(DATE(CONFIG!$B$1,$J$1,B5),"mm-dd"),LECTURAS!$A$2:$B$1000,2,FALSE),"")) -> 1 Crónicas 15; Isaías 42–43 | C6: =IF(C5="","",IFERROR(VLOOKUP(TEXT(DATE(CONFIG!$B$1,$J$1,C5),"mm-dd"),LECTURAS!$A$2:$B$1000,2,FALSE),"")) -> 1 Crónicas 16; Isaías 44–45 | D6: =IF(D5="","",IFERROR(VLOOKUP(TEXT(DATE(CONFIG!$B$1,$J$1,D5),"mm-dd"),LECTURAS!$A$2:$B$1000,2,FALSE),"")) -> 1 Crónicas 17; Isaías 46–48 | E6: =IF(E5="","",IFERROR(VLOOKUP(TEXT(DATE(CONFIG!$B$1,$J$1,E5),"mm-dd"),LECTURAS!$A$2:$B$1000,2,FALSE),"")) -> 1 Crónicas 18; Isaías 49–51 | F6: =IF(F5="","",IFERROR(VLOOKUP(TEXT(DATE(CONFIG!$B$1,$J$1,F5),"mm-dd"),LECTURAS!$A$2:$B$1000,2,FALSE),"")) -> 1 Crónicas 19; Isaías 52–53 | G6: =IF(G5="","",IFERROR(VLOOKUP(TEXT(DATE(CONFIG!$B$1,$J$1,G5),"mm-dd"),LECTURAS!$A$2:$B$1000,2,FALSE),"")) -> 1 Crónicas 20; Isaías 54–55 | H6: 1
A7: =IF((($H7*7 + COLUMN()-COLUMN($A$7)+1) - $J$3 + 1)<1,"",IF((($H7*7 + COLUMN()-COLUMN($A$7)+1) - $J$3 + 1)>$J$4,"",(($H7*7 + COLUMN()-COLUMN($A$7)+1) - $J$3 + 1))) -> 12 | B7: =IF((($H7*7 + COLUMN()-COLUMN($A$7)+1) - $J$3 + 1)<1,"",IF((($H7*7 + COLUMN()-COLUMN($A$7)+1) - $J$3 + 1)>$J$4,"",(($H7*7 + COLUMN()-COLUMN($A$7)+1) - $J$3 + 1))) -> 13 | C7: =IF((($H7*7 + COLUMN()-COLUMN($A$7)+1) - $J$3 + 1)<1,"",IF((($H7*7 + COLUMN()-COLUMN($A$7)+1) - $J$3 + 1)>$J$4,"",(($H7*7 + COLUMN()-COLUMN($A$7)+1) - $J$3 + 1))) -> 14 | D7: =IF((($H7*7 + COLUMN()-COLUMN($A$7)+1) - $J$3 + 1)<1,"",IF((($H7*7 + COLUMN()-COLUMN($A$7)+1) - $J$3 + 1)>$J$4,"",(($H7*7 + COLUMN()-COLUMN($A$7)+1) - $J$3 + 1))) -> 15 | E7: =IF((($H7*7 + COLUMN()-COLUMN($A$7)+1) - $J$3 + 1)<1,"",IF((($H7*7 + COLUMN()-COLUMN($A$7)+1) - $J$3 + 1)>$J$4,"",(($H7*7 + COLUMN()-COLUMN($A$7)+1) - $J$3 + 1))) -> 16 | F7: =IF((($H7*7 + COLUMN()-COLUMN($A$7)+1) - $J$3 + 1)<1,"",IF((($H7*7 + COLUMN()-COLUMN($A$7)+1) - $J$3 + 1)>$J$4,"",(($H7*7 + COLUMN()-COLUMN($A$7)+1) - $J$3 + 1))) -> 17 | G7: =IF((($H7*7 + COLUMN()-COLUMN($A$7)+1) - $J$3 + 1)<1,"",IF((($H7*7 + COLUMN()-COLUMN($A$7)+1) - $J$3 + 1)>$J$4,"",(($H7*7 + COLUMN()-COLUMN($A$7)+1) - $J$3 + 1))) -> 18 | H7: 2
A8: =IF(A7="","",IFERROR(VLOOKUP(TEXT(DATE(CONFIG!$B$1,$J$1,A7),"mm-dd"),LECTURAS!$A$2:$B$1000,2,FALSE),"")) -> 1 Crónicas 21; Isaías 56–57 | B8: =IF(B7="","",IFERROR(VLOOKUP(TEXT(DATE(CONFIG!$B$1,$J$1,B7),"mm-dd"),LECTURAS!$A$2:$B$1000,2,FALSE),"")) -> 1 Crónicas 22; Isaías 58–59 | C8: =IF(C7="","",IFERROR(VLOOKUP(TEXT(DATE(CONFIG!$B$1,$J$1,C7),"mm-dd"),LECTURAS!$A$2:$B$1000,2,FALSE),"")) -> 1 Crónicas 23; Isaías 60–61 | D8: =IF(D7="","",IFERROR(VLOOKUP(TEXT(DATE(CONFIG!$B$1,$J$1,D7),"mm-dd"),LECTURAS!$A$2:$B$1000,2,FALSE),"")) -> 1 Crónicas 24; Isaías 62–63 | E8: =IF(E7="","",IFERROR(VLOOKUP(TEXT(DATE(CONFIG!$B$1,$J$1,E7),"mm-dd"),LECTURAS!$A$2:$B$1000,2,FALSE),"")) -> 1 Crónicas 25; Isaías 64–66 | F8: =IF(F7="","",IFERROR(VLOOKUP(TEXT(DATE(CONFIG!$B$1,$J$1,F7),"mm-dd"),LECTURAS!$A$2:$B$1000,2,FALSE),"")) -> 1 Crónicas 26–27; Nahúm 1–3 | G8: =IF(G7="","",IFERROR(VLOOKUP(TEXT(DATE(CONFIG!$B$1,$J$1,G7),"mm-dd"),LECTURAS!$A$2:$B$1000,2,FALSE),"")) -> 1 Crónicas 28; Habacuc 1–3 | H8: 2
A9: =IF((($H9*7 + COLUMN()-COLUMN($A$9)+1) - $J$3 + 1)<1,"",IF((($H9*7 + COLUMN()-COLUMN($A$9)+1) - $J$3 + 1)>$J$4,"",(($H9*7 + COLUMN()-COLUMN($A$9)+1) - $J$3 + 1))) -> 19 | B9: =IF((($H9*7 + COLUMN()-COLUMN($A$9)+1) - $J$3 + 1)<1,"",IF((($H9*7 + COLUMN()-COLUMN($A$9)+1) - $J$3 + 1)>$J$4,"",(($H9*7 + COLUMN()-COLUMN($A$9)+1) - $J$3 + 1))) -> 20 | C9: =IF((($H9*7 + COLUMN()-COLUMN($A$9)+1) - $J$3 + 1)<1,"",IF((($H9*7 + COLUMN()-COLUMN($A$9)+1) - $J$3 + 1)>$J$4,"",(($H9*7 + COLUMN()-COLUMN($A$9)+1) - $J$3 + 1))) -> 21 | D9: =IF((($H9*7 + COLUMN()-COLUMN($A$9)+1) - $J$3 + 1)<1,"",IF((($H9*7 + COLUMN()-COLUMN($A$9)+1) - $J$3 + 1)>$J$4,"",(($H9*7 + COLUMN()-COLUMN($A$9)+1) - $J$3 + 1))) -> 22 | E9: =IF((($H9*7 + COLUMN()-COLUMN($A$9)+1) - $J$3 + 1)<1,"",IF((($H9*7 + COLUMN()-COLUMN($A$9)+1) - $J$3 + 1)>$J$4,"",(($H9*7 + COLUMN()-COLUMN($A$9)+1) - $J$3 + 1))) -> 23 | F9: =IF((($H9*7 + COLUMN()-COLUMN($A$9)+1) - $J$3 + 1)<1,"",IF((($H9*7 + COLUMN()-COLUMN($A$9)+1) - $J$3 + 1)>$J$4,"",(($H9*7 + COLUMN()-COLUMN($A$9)+1) - $J$3 + 1))) -> 24 | G9: =IF((($H9*7 + COLUMN()-COLUMN($A$9)+1) - $J$3 + 1)<1,"",IF((($H9*7 + COLUMN()-COLUMN($A$9)+1) - $J$3 + 1)>$J$4,"",(($H9*7 + COLUMN()-COLUMN($A$9)+1) - $J$3 + 1))) -> 25 | H9: 3
A10: =IF(A9="","",IFERROR(VLOOKUP(TEXT(DATE(CONFIG!$B$1,$J$1,A9),"mm-dd"),LECTURAS!$A$2:$B$1000,2,FALSE),"")) -> 1 Crónicas 29; Zacarías 1–2 | B10: =IF(B9="","",IFERROR(VLOOKUP(TEXT(DATE(CONFIG!$B$1,$J$1,B9),"mm-dd"),LECTURAS!$A$2:$B$1000,2,FALSE),"")) -> 2 Crónicas 1; Zacarías 3 | C10: =IF(C9="","",IFERROR(VLOOKUP(TEXT(DATE(CONFIG!$B$1,$J$1,C9),"mm-dd"),LECTURAS!$A$2:$B$1000,2,FALSE),"")) -> 2 Crónicas 2; Zacarías 4 | D10: =IF(D9="","",IFERROR(VLOOKUP(TEXT(DATE(CONFIG!$B$1,$J$1,D9),"mm-dd"),LECTURAS!$A$2:$B$1000,2,FALSE),"")) -> 2 Crónicas 3; Zacarías 5–6 | E10: =IF(E9="","",IFERROR(VLOOKUP(TEXT(DATE(CONFIG!$B$1,$J$1,E9),"mm-dd"),LECTURAS!$A$2:$B$1000,2,FALSE),"")) -> 2 Crónicas 4; Zacarías 7–10 | F10: =IF(F9="","",IFERROR(VLOOKUP(TEXT(DATE(CONFIG!$B$1,$J$1,F9),"mm-dd"),LECTURAS!$A$2:$B$1000,2,FALSE),"")) -> 2 Crónicas 5; Zacarías 11–12 | G10: =IF(G9="","",IFERROR(VLOOKUP(TEXT(DATE(CONFIG!$B$1,$J$1,G9),"mm-dd"),LECTURAS!$A$2:$B$1000,2,FALSE),"")) -> 2 Crónicas 6; Zacarías 13–14 | H10: 3
A11: =IF((($H11*7 + COLUMN()-COLUMN($A$11)+1) - $J$3 + 1)<1,"",IF((($H11*7 + COLUMN()-COLUMN($A$11)+1) - $J$3 + 1)>$J$4,"",(($H11*7 + COLUMN()-COLUMN($A$11)+1) - $J$3 + 1))) -> 26 | B11: =IF((($H11*7 + COLUMN()-COLUMN($A$11)+1) - $J$3 + 1)<1,"",IF((($H11*7 + COLUMN()-COLUMN($A$11)+1) - $J$3 + 1)>$J$4,"",(($H11*7 + COLUMN()-COLUMN($A$11)+1) - $J$3 + 1))) -> 27 | C11: =IF((($H11*7 + COLUMN()-COLUMN($A$11)+1) - $J$3 + 1)<1,"",IF((($H11*7 + COLUMN()-COLUMN($A$11)+1) - $J$3 + 1)>$J$4,"",(($H11*7 + COLUMN()-COLUMN($A$11)+1) - $J$3 + 1))) -> 28 | D11: =IF((($H11*7 + COLUMN()-COLUMN($A$11)+1) - $J$3 + 1)<1,"",IF((($H11*7 + COLUMN()-COLUMN($A$11)+1) - $J$3 + 1)>$J$4,"",(($H11*7 + COLUMN()-COLUMN($A$11)+1) - $J$3 + 1))) -> 29 | E11: =IF((($H11*7 + COLUMN()-COLUMN($A$11)+1) - $J$3 + 1)<1,"",IF((($H11*7 + COLUMN()-COLUMN($A$11)+1) - $J$3 + 1)>$J$4,"",(($H11*7 + COLUMN()-COLUMN($A$11)+1) - $J$3 + 1))) -> 30 | F11: =IF((($H11*7 + COLUMN()-COLUMN($A$11)+1) - $J$3 + 1)<1,"",IF((($H11*7 + COLUMN()-COLUMN($A$11)+1) - $J$3 + 1)>$J$4,"",(($H11*7 + COLUMN()-COLUMN($A$11)+1) - $J$3 + 1))) -> 31 | G11: =IF((($H11*7 + COLUMN()-COLUMN($A$11)+1) - $J$3 + 1)<1,"",IF((($H11*7 + COLUMN()-COLUMN($A$11)+1) - $J$3 + 1)>$J$4,"",(($H11*7 + COLUMN()-COLUMN($A$11)+1) - $J$3 + 1))) | H11: 4
A12: =IF(A11="","",IFERROR(VLOOKUP(TEXT(DATE(CONFIG!$B$1,$J$1,A11),"mm-dd"),LECTURAS!$A$2:$B$1000,2,FALSE),"")) -> 2 Crónicas 7; Malaquías 1–2 | B12: =IF(B11="","",IFERROR(VLOOKUP(TEXT(DATE(CONFIG!$B$1,$J$1,B11),"mm-dd"),LECTURAS!$A$2:$B$1000,2,FALSE),"")) -> 2 Crónicas 8; Malaquías 3–4 | C12: =IF(C11="","",IFERROR(VLOOKUP(TEXT(DATE(CONFIG!$B$1,$J$1,C11),"mm-dd"),LECTURAS!$A$2:$B$1000,2,FALSE),"")) -> 2 Crónicas 9; Hageo 1–2 | D12: =IF(D11="","",IFERROR(VLOOKUP(TEXT(DATE(CONFIG!$B$1,$J$1,D11),"mm-dd"),LECTURAS!$A$2:$B$1000,2,FALSE),"")) -> 2 Crónicas 10; Jeremías 1–3 | E12: =IF(E11="","",IFERROR(VLOOKUP(TEXT(DATE(CONFIG!$B$1,$J$1,E11),"mm-dd"),LECTURAS!$A$2:$B$1000,2,FALSE),"")) -> 2 Crónicas 11; Jeremías 4–6 | F12: =IF(F11="","",IFERROR(VLOOKUP(TEXT(DATE(CONFIG!$B$1,$J$1,F11),"mm-dd"),LECTURAS!$A$2:$B$1000,2,FALSE),"")) -> 2 Crónicas 12; Jeremías 7–8 | G12: =IF(G11="","",IFERROR(VLOOKUP(TEXT(DATE(CONFIG!$B$1,$J$1,G11),"mm-dd"),LECTURAS!$A$2:$B$1000,2,FALSE),"")) | H12: 4
A13: =IF((($H13*7 + COLUMN()-COLUMN($A$13)+1) - $J$3 + 1)<1,"",IF((($H13*7 + COLUMN()-COLUMN($A$13)+1) - $J$3 + 1)>$J$4,"",(($H13*7 + COLUMN()-COLUMN($A$13)+1) - $J$3 + 1))) | B13: =IF((($H13*7 + COLUMN()-COLUMN($A$13)+1) - $J$3 + 1)<1,"",IF((($H13*7 + COLUMN()-COLUMN($A$13)+1) - $J$3 + 1)>$J$4,"",(($H13*7 + COLUMN()-COLUMN($A$13)+1) - $J$3 + 1))) | C13: =IF((($H13*7 + COLUMN()-COLUMN($A$13)+1) - $J$3 + 1)<1,"",IF((($H13*7 + COLUMN()-COLUMN($A$13)+1) - $J$3 + 1)>$J$4,"",(($H13*7 + COLUMN()-COLUMN($A$13)+1) - $J$3 + 1))) | D13: =IF((($H13*7 + COLUMN()-COLUMN($A$13)+1) - $J$3 + 1)<1,"",IF((($H13*7 + COLUMN()-COLUMN($A$13)+1) - $J$3 + 1)>$J$4,"",(($H13*7 + COLUMN()-COLUMN($A$13)+1) - $J$3 + 1))) | E13: =IF((($H13*7 + COLUMN()-COLUMN($A$13)+1) - $J$3 + 1)<1,"",IF((($H13*7 + COLUMN()-COLUMN($A$13)+1) - $J$3 + 1)>$J$4,"",(($H13*7 + COLUMN()-COLUMN($A$13)+1) - $J$3 + 1))) | F13: =IF((($H13*7 + COLUMN()-COLUMN($A$13)+1) - $J$3 + 1)<1,"",IF((($H13*7 + COLUMN()-COLUMN($A$13)+1) - $J$3 + 1)>$J$4,"",(($H13*7 + COLUMN()-COLUMN($A$13)+1) - $J$3 + 1))) | G13: =IF((($H13*7 + COLUMN()-COLUMN($A$13)+1) - $J$3 + 1)<1,"",IF((($H13*7 + COLUMN()-COLUMN($A$13)+1) - $J$3 + 1)>$J$4,"",(($H13*7 + COLUMN()-COLUMN($A$13)+1) - $J$3 + 1))) | H13: 5
A14: =IF(A13="","",IFERROR(VLOOKUP(TEXT(DATE(CONFIG!$B$1,$J$1,A13),"mm-dd"),LECTURAS!$A$2:$B$1000,2,FALSE),"")) | B14: =IF(B13="","",IFERROR(VLOOKUP(TEXT(DATE(CONFIG!$B$1,$J$1,B13),"mm-dd"),LECTURAS!$A$2:$B$1000,2,FALSE),"")) | C14: =IF(C13="","",IFERROR(VLOOKUP(TEXT(DATE(CONFIG!$B$1,$J$1,C13),"mm-dd"),LECTURAS!$A$2:$B$1000,2,FALSE),"")) | D14: =IF(D13="","",IFERROR(VLOOKUP(TEXT(DATE(CONFIG!$B$1,$J$1,D13),"mm-dd"),LECTURAS!$A$2:$B$1000,2,FALSE),"")) | E14: =IF(E13="","",IFERROR(VLOOKUP(TEXT(DATE(CONFIG!$B$1,$J$1,E13),"mm-dd"),LECTURAS!$A$2:$B$1000,2,FALSE),"")) | F14: =IF(F13="","",IFERROR(VLOOKUP(TEXT(DATE(CONFIG!$B$1,$J$1,F13),"mm-dd"),LECTURAS!$A$2:$B$1000,2,FALSE),"")) | G14: =IF(G13="","",IFERROR(VLOOKUP(TEXT(DATE(CONFIG!$B$1,$J$1,G13),"mm-dd"),LECTURAS!$A$2:$B$1000,2,FALSE),"")) | H14: 5

Sheet Agosto
A1: Agosto | J1: 8
A2: Domingo | B2: Lunes | C2: Martes | D2: Miércoles | E2: Jueves | F2: Viernes | G2: Sábado | J2: =DATE(CONFIG!$B$1,$J$1,1) -> 46235
A3: =IF((($H3*7 + COLUMN()-COLUMN($A$3)+1) - $J$3 + 1)<1,"",IF((($H3*7 + COLUMN()-COLUMN($A$3)+1) - $J$3 + 1)>$J$4,"",(($H3*7 + COLUMN()-COLUMN($A$3)+1) - $J$3 + 1))) | B3: =IF((($H3*7 + COLUMN()-COLUMN($A$3)+1) - $J$3 + 1)<1,"",IF((($H3*7 + COLUMN()-COLUMN($A$3)+1) - $J$3 + 1)>$J$4,"",(($H3*7 + COLUMN()-COLUMN($A$3)+1) - $J$3 + 1))) | C3: =IF((($H3*7 + COLUMN()-COLUMN($A$3)+1) - $J$3 + 1)<1,"",IF((($H3*7 + COLUMN()-COLUMN($A$3)+1) - $J$3 + 1)>$J$4,"",(($H3*7 + COLUMN()-COLUMN($A$3)+1) - $J$3 + 1))) | D3: =IF((($H3*7 + COLUMN()-COLUMN($A$3)+1) - $J$3 + 1)<1,"",IF((($H3*7 + COLUMN()-COLUMN($A$3)+1) - $J$3 + 1)>$J$4,"",(($H3*7 + COLUMN()-COLUMN($A$3)+1) - $J$3 + 1))) | E3: =IF((($H3*7 + COLUMN()-COLUMN($A$3)+1) - $J$3 + 1)<1,"",IF((($H3*7 + COLUMN()-COLUMN($A$3)+1) - $J$3 + 1)>$J$4,"",(($H3*7 + COLUMN()-COLUMN($A$3)+1) - $J$3 + 1))) | F3: =IF((($H3*7 + COLUMN()-COLUMN($A$3)+1) - $J$3 + 1)<1,"",IF((($H3*7 + COLUMN()-COLUMN($A$3)+1) - $J$3 + 1)>$J$4,"",(($H3*7 + COLUMN()-COLUMN($A$3)+1) - $J$3 + 1))) | G3: =IF((($H3*7 + COLUMN()-COLUMN($A$3)+1) - $J$3 + 1)<1,"",IF((($H3*7 + COLUMN()-COLUMN($A$3)+1) - $J$3 + 1)>$J$4,"",(($H3*7 + COLUMN()-COLUMN($A$3)+1) - $J$3 + 1))) -> 1 | H3: 0 | J3: =WEEKDAY($J$2,1) -> 7
A4: =IF(A3="","",IFERROR(VLOOKUP(TEXT(DATE(CONFIG!$B$1,$J$1,A3),"mm-dd"),LECTURAS!$A$2:$B$1000,2,FALSE),"")) | B4: =IF(B3="","",IFERROR(VLOOKUP(TEXT(DATE(CONFIG!$B$1,$J$1,B3),"mm-dd"),LECTURAS!$A$2:$B$1000,2,FALSE),"")) | C4: =IF(C3="","",IFERROR(VLOOKUP(TEXT(DATE(CONFIG!$B$1,$J$1,C3),"mm-dd"),LECTURAS!$A$2:$B$1000,2,FALSE),"")) | D4: =IF(D3="","",IFERROR(VLOOKUP(TEXT(DATE(CONFIG!$B$1,$J$1,D3),"mm-dd"),LECTURAS!$A$2:$B$1000,2,FALSE),"")) | E4: =IF(E3="","",IFERROR(VLOOKUP(TEXT(DATE(CONFIG!$B$1,$J$1,E3),"mm-dd"),LECTURAS!$A$2:$B$1000,2,FALSE),"")) | F4: =IF(F3="","",IFERROR(VLOOKUP(TEXT(DATE(CONFIG!$B$1,$J$1,F3),"mm-dd"),LECTURAS!$A$2:$B$1000,2,FALSE),"")) | G4: =IF(G3="","",IFERROR(VLOOKUP(TEXT(DATE(CONFIG!$B$1,$J$1,G3),"mm-dd"),LECTURAS!$A$2:$B$1000,2,FALSE),"")) -> 2 Crónicas 13; Jeremías 9–10 | H4: 0 | J4: =DAY(EOMONTH($J$2,0)) -> 31
A5: =IF((($H5*7 + COLUMN()-COLUMN($A$5)+1) - $J$3 + 1)<1,"",IF((($H5*7 + COLUMN()-COLUMN($A$5)+1) - $J$3 + 1)>$J$4,"",(($H5*7 + COLUMN()-COLUMN($A$5)+1) - $J$3 + 1))) -> 2 | B5: =IF((($H5*7 + COLUMN()-COLUMN($A$5)+1) - $J$3 + 1)<1,"",IF((($H5*7 + COLUMN()-COLUMN($A$5)+1) - $J$3 + 1)>$J$4,"",(($H5*7 + COLUMN()-COLUMN($A$5)+1) - $J$3 + 1))) -> 3 | C5: =IF((($H5*7 + COLUMN()-COLUMN($A$5)+1) - $J$3 + 1)<1,"",IF((($H5*7 + COLUMN()-COLUMN($A$5)+1) - $J$3 + 1)>$J$4,"",(($H5*7 + COLUMN()-COLUMN($A$5)+1) - $J$3 + 1))) -> 4 | D5: =IF((($H5*7 + COLUMN()-COLUMN($A$5)+1) - $J$3 + 1)<1,"",IF((($H5*7 + COLUMN()-COLUMN($A$5)+1) - $J$3 + 1)>$J$4,"",(($H5*7 + COLUMN()-COLUMN($A$5)+1) - $J$3 + 1))) -> 5 | E5: =IF((($H5*7 + COLUMN()-COLUMN($A$5)+1) - $J$3 + 1)<1,"",IF((($H5*7 + COLUMN()-COLUMN($A$5)+1) - $J$3 + 1)>$J$4,"",(($H5*7 + COLUMN()-COLUMN($A$5)+1) - $J$3 + 1))) -> 6 | F5: =IF((($H5*7 + COLUMN()-COLUMN($A$5)+1) - $J$3 + 1)<1,"",IF((($H5*7 + COLUMN()-COLUMN($A$5)+1) - $J$3 + 1)>$J$4,"",(($H5*7 + COLUMN()-COLUMN($A$5)+1) - $J$3 + 1))) -> 7 | G5: =IF((($H5*7 + COLUMN()-COLUMN($A$5)+1) - $J$3 + 1)<1,"",IF((($H5*7 + COLUMN()-COLUMN($A$5)+1) - $J$3 + 1)>$J$4,"",(($H5*7 + COLUMN()-COLUMN($A$5)+1) - $J$3 + 1))) -> 8 | H5: 1
A6: =IF(A5="","",IFERROR(VLOOKUP(TEXT(DATE(CONFIG!$B$1,$J$1,A5),"mm-dd"),LECTURAS!$A$2:$B$1000,2,FALSE),"")) -> 2 Crónicas 14; Jeremías 11–12 | B6: =IF(B5="","",IFERROR(VLOOKUP(TEXT(DATE(CONFIG!$B$1,$J$1,B5),"mm-dd"),LECTURAS!$A$2:$B$1000,2,FALSE),"")) -> 2 Crónicas 15; Jeremías 13–14 | C6: =IF(C5="","",IFERROR(VLOOKUP(TEXT(DATE(CONFIG!$B$1,$J$1,C5),"mm-dd"),LECTURAS!$A$2:$B$1000,2,FALSE),"")) -> 2 Crónicas 16; Jeremías 15–16 | D6: =IF(D5="","",IFERROR(VLOOKUP(TEXT(DATE(CONFIG!$B$1,$J$1,D5),"mm-dd"),LECTURAS!$A$2:$B$1000,2,FALSE),"")) -> 2 Crónicas 17; Jeremías 17–19 | E6: =IF(E5="","",IFERROR(VLOOKUP(TEXT(DATE(CONFIG!$B$1,$J$1,E5),"mm-dd"),LECTURAS!$A$2:$B$1000,2,FALSE),"")) -> 2 Crónicas 18; Jeremías 20–22 | F6: =IF(F5="","",IFERROR(VLOOKUP(TEXT(DATE(CONFIG!$B$1,$J$1,F5),"mm-dd"),LECTURAS!$A$2:$B$1000,2,FALSE),"")) -> 2 Crónicas 19; Jeremías 23–24 | G6: =IF(G5="","",IFERROR(VLOOKUP(TEXT(DATE(CONFIG!$B$1,$J$1,G5),"mm-dd"),LECTURAS!$A$2:$B$1000,2,FALSE),"")) -> 2 Crónicas 20; Jeremías 25–26 | H6: 1
A7: =IF((($H7*7 + COLUMN()-COLUMN($A$7)+1) - $J$3 + 1)<1,"",IF((($H7*7 + COLUMN()-COLUMN($A$7)+1) - $J$3 + 1)>$J$4,"",(($H7*7 + COLUMN()-COLUMN($A$7)+1) - $J$3 + 1))) -> 9 | B7: =IF((($H7*7 + COLUMN()-COLUMN($A$7)+1) - $J$3 + 1)<1,"",IF((($H7*7 + COLUMN()-COLUMN($A$7)+1) - $J$3 + 1)>$J$4,"",(($H7*7 + COLUMN()-COLUMN($A$7)+1) - $J$3 + 1))) -> 10 | C7: =IF((($H7*7 + COLUMN()-COLUMN($A$7)+1) - $J$3 + 1)<1,"",IF((($H7*7 + COLUMN()-COLUMN($A$7)+1) - $J$3 + 1)>$J$4,"",(($H7*7 + COLUMN()-COLUMN($A$7)+1) - $J$3 + 1))) -> 11 | D7: =IF((($H7*7 + COLUMN()-COLUMN($A$7)+1) - $J$3 + 1)<1,"",IF((($H7*7 + COLUMN()-COLUMN($A$7)+1) - $J$3 + 1)>$J$4,"",(($H7*7 + COLUMN()-COLUMN($A$7)+1) - $J$3 + 1))) -> 12 | E7: =IF((($H7*7 + COLUMN()-COLUMN($A$7)+1) - $J$3 + 1)<1,"",IF((($H7*7 + COLUMN()-COLUMN($A$7)+1) - $J$3 + 1)>$J$4,"",(($H7*7 + COLUMN()-COLUMN($A$7)+1) - $J$3 + 1))) -> 13 | F7: =IF((($H7*7 + COLUMN()-COLUMN($A$7)+1) - $J$3 + 1)<1,"",IF((($H7*7 + COLUMN()-COLUMN($A$7)+1) - $J$3 + 1)>$J$4,"",(($H7*7 + COLUMN()-COLUMN($A$7)+1) - $J$3 + 1))) -> 14 | G7: =IF((($H7*7 + COLUMN()-COLUMN($A$7)+1) - $J$3 + 1)<1,"",IF((($H7*7 + COLUMN()-COLUMN($A$7)+1) - $J$3 + 1)>$J$4,"",(($H7*7 + COLUMN()-COLUMN($A$7)+1) - $J$3 + 1))) -> 15 | H7: 2
A8: =IF(A7="","",IFERROR(VLOOKUP(TEXT(DATE(CONFIG!$B$1,$J$1,A7),"mm-dd"),LECTURAS!$A$2:$B$1000,2,FALSE),"")) -> 2 Crónicas 21; Jeremías 27–28 | B8: =IF(B7="","",IFERROR(VLOOKUP(TEXT(DATE(CONFIG!$B$1,$J$1,B7),"mm-dd"),LECTURAS!$A$2:$B$1000,2,FALSE),"")) -> 2 Crónicas 22; Jeremías 29–30 | C8: =IF(C7="","",IFERROR(VLOOKUP(TEXT(DATE(CONFIG!$B$1,$J$1,C7),"mm-dd"),LECTURAS!$A$2:$B$1000,2,FALSE),"")) -> 2 Crónicas 23; Jeremías 31–32 | D8: =IF(D7="","",IFERROR(VLOOKUP(TEXT(DATE(CONFIG!$B$1,$J$1,D7),"mm-dd"),LECTURAS!$A$2:$B$1000,2,FALSE),"")) -> 2 Crónicas 24; Jeremías 33–34 | E8: =IF(E7="","",IFERROR(VLOOKUP(TEXT(DATE(CONFIG!$B$1,$J$1,E7),"mm-dd"),LECTURAS!$A$2:$B$1000,2,FALSE),"")) -> 2 Crónicas 25; Jeremías 35–37 | F8: =IF(F7="","",IFERROR(VLOOKUP(TEXT(DATE(CONFIG!$B$1,$J$1,F7),"mm-dd"),LECTURAS!$A$2:$B$1000,2,FALSE),"")) -> 2 Crónicas 26; Jeremías 38–39 | G8: =IF(G7="","",IFERROR(VLOOKUP(TEXT(DATE(CONFIG!$B$1,$J$1,G7),"mm-dd"),LECTURAS!$A$2:$B$1000,2,FALSE),"")) -> 2 Crónicas 27; Jeremías 40–42 | H8: 2
A9: =IF((($H9*7 + COLUMN()-COLUMN($A$9)+1) - $J$3 + 1)<1,"",IF((($H9*7 + COLUMN()-COLUMN($A$9)+1) - $J$3 + 1)>$J$4,"",(($H9*7 + COLUMN()-COLUMN($A$9)+1) - $J$3 + 1))) -> 16 | B9: =IF((($H9*7 + COLUMN()-COLUMN($A$9)+1) - $J$3 + 1)<1,"",IF((($H9*7 + COLUMN()-COLUMN($A$9)+1) - $J$3 + 1)>$J$4,"",(($H9*7 + COLUMN()-COLUMN($A$9)+1) - $J$3 + 1))) -> 17 | C9: =IF((($H9*7 + COLUMN()-COLUMN($A$9)+1) - $J$3 + 1)<1,"",IF((($H9*7 + COLUMN()-COLUMN($A$9)+1) - $J$3 + 1)>$J$4,"",(($H9*7 + COLUMN()-COLUMN($A$9)+1) - $J$3 + 1))) -> 18 | D9: =IF((($H9*7 + COLUMN()-COLUMN($A$9)+1) - $J$3 + 1)<1,"",IF((($H9*7 + COLUMN()-COLUMN($A$9)+1) - $J$3 + 1)>$J$4,"",(($H9*7 + COLUMN()-COLUMN($A$9)+1) - $J$3 + 1))) -> 19 | E9: =IF((($H9*7 + COLUMN()-COLUMN($A$9)+1) - $J$3 + 1)<1,"",IF((($H9*7 + COLUMN()-COLUMN($A$9)+1) - $J$3 + 1)>$J$4,"",(($H9*7 + COLUMN()-COLUMN($A$9)+1) - $J$3 + 1))) -> 20 | F9: =IF((($H9*7 + COLUMN()-COLUMN($A$9)+1) - $J$3 + 1)<1,"",IF((($H9*7 + COLUMN()-COLUMN($A$9)+1) - $J$3 + 1)>$J$4,"",(($H9*7 + COLUMN()-COLUMN($A$9)+1) - $J$3 + 1))) -> 21 | G9: =IF((($H9*7 + COLUMN()-COLUMN($A$9)+1) - $J$3 + 1)<1,"",IF((($H9*7 + COLUMN()-COLUMN($A$9)+1) - $J$3 + 1)>$J$4,"",(($H9*7 + COLUMN()-COLUMN($A$9)+1) - $J$3 + 1))) -> 22 | H9: 3
A10: =IF(A9="","",IFERROR(VLOOKUP(TEXT(DATE(CONFIG!$B$1,$J$1,A9),"mm-dd"),LECTURAS!$A$2:$B$1000,2,FALSE),"")) -> 2 Crónicas 28; Jeremías 43–44 | B10: =IF(B9="","",IFERROR(VLOOKUP(TEXT(DATE(CONFIG!$B$1,$J$1,B9),"mm-dd"),LECTURAS!$A$2:$B$1000,2,FALSE),"")) -> 2 Crónicas 29; Jeremías 45–46 | C10: =IF(C9="","",IFERROR(VLOOKUP(TEXT(DATE(CONFIG!$B$1,$J$1,C9),"mm-dd"),LECTURAS!$A$2:$B$1000,2,FALSE),"")) -> 2 Crónicas 30; Jeremías 47–48 | D10: =IF(D9="","",IFERROR(VLOOKUP(TEXT(DATE(CONFIG!$B$1,$J$1,D9),"mm-dd"),LECTURAS!$A$2:$B$1000,2,FALSE),"")) -> 2 Crónicas 31; Jeremías 49–50 | E10: =IF(E9="","",IFERROR(VLOOKUP(TEXT(DATE(CONFIG!$B$1,$J$1,E9),"mm-dd"),LECTURAS!$A$2:$B$1000,2,FALSE),"")) -> 2 Crónicas 32; Jeremías 51–52 | F10: =IF(F9="","",IFERROR(VLOOKUP(TEXT(DATE(CONFIG!$B$1,$J$1,F9),"mm-dd"),LECTURAS!$A$2:$B$1000,2,FALSE),"")) -> 2 Crónicas 33; Lamentaciones 1–3 | G10: =IF(G9="","",IFERROR(VLOOKUP(TEXT(DATE(CONFIG!$B$1,$J$1,G9),"mm-dd"),LECTURAS!$A$2:$B$1000,2,FALSE),"")) -> 2 Crónicas 34; Ezequiel 1–2 | H10: 3
A11: =IF((($H11*7 + COLUMN()-COLUMN($A$11)+1) - $J$3 + 1)<1,"",IF((($H11*7 + COLUMN()-COLUMN($A$11)+1) - $J$3 + 1)>$J$4,"",(($H11*7 + COLUMN()-COLUMN($A$11)+1) - $J$3 + 1))) -> 23 | B11: =IF((($H11*7 + COLUMN()-COLUMN($A$11)+1) - $J$3 + 1)<1,"",IF((($H11*7 + COLUMN()-COLUMN($A$11)+1) - $J$3 + 1)>$J$4,"",(($H11*7 + COLUMN()-COLUMN($A$11)+1) - $J$3 + 1))) -> 24 | C11: =IF((($H11*7 + COLUMN()-COLUMN($A$11)+1) - $J$3 + 1)<1,"",IF((($H11*7 + COLUMN()-COLUMN($A$11)+1) - $J$3 + 1)>$J$4,"",(($H11*7 + COLUMN()-COLUMN($A$11)+1) - $J$3 + 1))) -> 25 | D11: =IF((($H11*7 + COLUMN()-COLUMN($A$11)+1) - $J$3 + 1)<1,"",IF((($H11*7 + COLUMN()-COLUMN($A$11)+1) - $J$3 + 1)>$J$4,"",(($H11*7 + COLUMN()-COLUMN($A$11)+1) - $J$3 + 1))) -> 26 | E11: =IF((($H11*7 + COLUMN()-COLUMN($A$11)+1) - $J$3 + 1)<1,"",IF((($H11*7 + COLUMN()-COLUMN($A$11)+1) - $J$3 + 1)>$J$4,"",(($H11*7 + COLUMN()-COLUMN($A$11)+1) - $J$3 + 1))) -> 27 | F11: =IF((($H11*7 + COLUMN()-COLUMN($A$11)+1) - $J$3 + 1)<1,"",IF((($H11*7 + COLUMN()-COLUMN($A$11)+1) - $J$3 + 1)>$J$4,"",(($H11*7 + COLUMN()-COLUMN($A$11)+1) - $J$3 + 1))) -> 28 | G11: =IF((($H11*7 + COLUMN()-COLUMN($A$11)+1) - $J$3 + 1)<1,"",IF((($H11*7 + COLUMN()-COLUMN($A$11)+1) - $J$3 + 1)>$J$4,"",(($H11*7 + COLUMN()-COLUMN($A$11)+1) - $J$3 + 1))) -> 29 | H11: 4
A12: =IF(A11="","",IFERROR(VLOOKUP(TEXT(DATE(CONFIG!$B$1,$J$1,A11),"mm-dd"),LECTURAS!$A$2:$B$1000,2,FALSE),"")) -> 2 Crónicas 35; Ezequiel 3–4 | B12: =IF(B11="","",IFERROR(VLOOKUP(TEXT(DATE(CONFIG!$B$1,$J$1,B11),"mm-dd"),LECTURAS!$A$2:$B$1000,2,FALSE),"")) -> 2 Crónicas 36; Ezequiel 5–6 | C12: =IF(C11="","",IFERROR(VLOOKUP(TEXT(DATE(CONFIG!$B$1,$J$1,C11),"mm-dd"),LECTURAS!$A$2:$B$1000,2,FALSE),"")) -> Ezequiel 7–9; Lamentaciones 4–5 | D12: =IF(D11="","",IFERROR(VLOOKUP(TEXT(DATE(CONFIG!$B$1,$J$1,D11),"mm-dd"),LECTURAS!$A$2:$B$1000,2,FALSE),"")) -> Ezequiel 10–13 | E12: =IF(E11="","",IFERROR(VLOOKUP(TEXT(DATE(CONFIG!$B$1,$J$1,E11),"mm-dd"),LECTURAS!$A$2:$B$1000,2,FALSE),"")) -> Ezequiel 14–16 | F12: =IF(F11="","",IFERROR(VLOOKUP(TEXT(DATE(CONFIG!$B$1,$J$1,F11),"mm-dd"),LECTURAS!$A$2:$B$1000,2,FALSE),"")) -> Ezequiel 17–19 | G12: =IF(G11="","",IFERROR(VLOOKUP(TEXT(DATE(CONFIG!$B$1,$J$1,G11),"mm-dd"),LECTURAS!$A$2:$B$1000,2,FALSE),"")) -> Ezequiel 20–22 | H12: 4
A13: =IF((($H13*7 + COLUMN()-COLUMN($A$13)+1) - $J$3 + 1)<1,"",IF((($H13*7 + COLUMN()-COLUMN($A$13)+1) - $J$3 + 1)>$J$4,"",(($H13*7 + COLUMN()-COLUMN($A$13)+1) - $J$3 + 1))) -> 30 | B13: =IF((($H13*7 + COLUMN()-COLUMN($A$13)+1) - $J$3 + 1)<1,"",IF((($H13*7 + COLUMN()-COLUMN($A$13)+1) - $J$3 + 1)>$J$4,"",(($H13*7 + COLUMN()-COLUMN($A$13)+1) - $J$3 + 1))) -> 31 | C13: =IF((($H13*7 + COLUMN()-COLUMN($A$13)+1) - $J$3 + 1)<1,"",IF((($H13*7 + COLUMN()-COLUMN($A$13)+1) - $J$3 + 1)>$J$4,"",(($H13*7 + COLUMN()-COLUMN($A$13)+1) - $J$3 + 1))) | D13: =IF((($H13*7 + COLUMN()-COLUMN($A$13)+1) - $J$3 + 1)<1,"",IF((($H13*7 + COLUMN()-COLUMN($A$13)+1) - $J$3 + 1)>$J$4,"",(($H13*7 + COLUMN()-COLUMN($A$13)+1) - $J$3 + 1))) | E13: =IF((($H13*7 + COLUMN()-COLUMN($A$13)+1) - $J$3 + 1)<1,"",IF((($H13*7 + COLUMN()-COLUMN($A$13)+1) - $J$3 + 1)>$J$4,"",(($H13*7 + COLUMN()-COLUMN($A$13)+1) - $J$3 + 1))) | F13: =IF((($H13*7 + COLUMN()-COLUMN($A$13)+1) - $J$3 + 1)<1,"",IF((($H13*7 + COLUMN()-COLUMN($A$13)+1) - $J$3 + 1)>$J$4,"",(($H13*7 + COLUMN()-COLUMN($A$13)+1) - $J$3 + 1))) | G13: =IF((($H13*7 + COLUMN()-COLUMN($A$13)+1) - $J$3 + 1)<1,"",IF((($H13*7 + COLUMN()-COLUMN($A$13)+1) - $J$3 + 1)>$J$4,"",(($H13*7 + COLUMN()-COLUMN($A$13)+1) - $J$3 + 1))) | H13: 5
A14: =IF(A13="","",IFERROR(VLOOKUP(TEXT(DATE(CONFIG!$B$1,$J$1,A13),"mm-dd"),LECTURAS!$A$2:$B$1000,2,FALSE),"")) -> Ezequiel 23–25 | B14: =IF(B13="","",IFERROR(VLOOKUP(TEXT(DATE(CONFIG!$B$1,$J$1,B13),"mm-dd"),LECTURAS!$A$2:$B$1000,2,FALSE),"")) -> Ezequiel 26–29 | C14: =IF(C13="","",IFERROR(VLOOKUP(TEXT(DATE(CONFIG!$B$1,$J$1,C13),"mm-dd"),LECTURAS!$A$2:$B$1000,2,FALSE),"")) | D14: =IF(D13="","",IFERROR(VLOOKUP(TEXT(DATE(CONFIG!$B$1,$J$1,D13),"mm-dd"),LECTURAS!$A$2:$B$1000,2,FALSE),"")) | E14: =IF(E13="","",IFERROR(VLOOKUP(TEXT(DATE(CONFIG!$B$1,$J$1,E13),"mm-dd"),LECTURAS!$A$2:$B$1000,2,FALSE),"")) | F14: =IF(F13="","",IFERROR(VLOOKUP(TEXT(DATE(CONFIG!$B$1,$J$1,F13),"mm-dd"),LECTURAS!$A$2:$B$1000,2,FALSE),"")) | G14: =IF(G13="","",IFERROR(VLOOKUP(TEXT(DATE(CONFIG!$B$1,$J$1,G13),"mm-dd"),LECTURAS!$A$2:$B$1000,2,FALSE),"")) | H14: 5

Sheet Septiembre
A1: Septiembre | J1: 9
A2: Domingo | B2: Lunes | C2: Martes | D2: Miércoles | E2: Jueves | F2: Viernes | G2: Sábado | J2: =DATE(CONFIG!$B$1,$J$1,1) -> 46266
A3: =IF((($H3*7 + COLUMN()-COLUMN($A$3)+1) - $J$3 + 1)<1,"",IF((($H3*7 + COLUMN()-COLUMN($A$3)+1) - $J$3 + 1)>$J$4,"",(($H3*7 + COLUMN()-COLUMN($A$3)+1) - $J$3 + 1))) | B3: =IF((($H3*7 + COLUMN()-COLUMN($A$3)+1) - $J$3 + 1)<1,"",IF((($H3*7 + COLUMN()-COLUMN($A$3)+1) - $J$3 + 1)>$J$4,"",(($H3*7 + COLUMN()-COLUMN($A$3)+1) - $J$3 + 1))) | C3: =IF((($H3*7 + COLUMN()-COLUMN($A$3)+1) - $J$3 + 1)<1,"",IF((($H3*7 + COLUMN()-COLUMN($A$3)+1) - $J$3 + 1)>$J$4,"",(($H3*7 + COLUMN()-COLUMN($A$3)+1) - $J$3 + 1))) -> 1 | D3: =IF((($H3*7 + COLUMN()-COLUMN($A$3)+1) - $J$3 + 1)<1,"",IF((($H3*7 + COLUMN()-COLUMN($A$3)+1) - $J$3 + 1)>$J$4,"",(($H3*7 + COLUMN()-COLUMN($A$3)+1) - $J$3 + 1))) -> 2 | E3: =IF((($H3*7 + COLUMN()-COLUMN($A$3)+1) - $J$3 + 1)<1,"",IF((($H3*7 + COLUMN()-COLUMN($A$3)+1) - $J$3 + 1)>$J$4,"",(($H3*7 + COLUMN()-COLUMN($A$3)+1) - $J$3 + 1))) -> 3 | F3: =IF((($H3*7 + COLUMN()-COLUMN($A$3)+1) - $J$3 + 1)<1,"",IF((($H3*7 + COLUMN()-COLUMN($A$3)+1) - $J$3 + 1)>$J$4,"",(($H3*7 + COLUMN()-COLUMN($A$3)+1) - $J$3 + 1))) -> 4 | G3: =IF((($H3*7 + COLUMN()-COLUMN($A$3)+1) - $J$3 + 1)<1,"",IF((($H3*7 + COLUMN()-COLUMN($A$3)+1) - $J$3 + 1)>$J$4,"",(($H3*7 + COLUMN()-COLUMN($A$3)+1) - $J$3 + 1))) -> 5 | H3: 0 | J3: =WEEKDAY($J$2,1) -> 3
A4: =IF(A3="","",IFERROR(VLOOKUP(TEXT(DATE(CONFIG!$B$1,$J$1,A3),"mm-dd"),LECTURAS!$A$2:$B$1000,2,FALSE),"")) | B4: =IF(B3="","",IFERROR(VLOOKUP(TEXT(DATE(CONFIG!$B$1,$J$1,B3),"mm-dd"),LECTURAS!$A$2:$B$1000,2,FALSE),"")) | C4: =IF(C3="","",IFERROR(VLOOKUP(TEXT(DATE(CONFIG!$B$1,$J$1,C3),"mm-dd"),LECTURAS!$A$2:$B$1000,2,FALSE),"")) -> Ezequiel 30–32 | D4: =IF(D3="","",IFERROR(VLOOKUP(TEXT(DATE(CONFIG!$B$1,$J$1,D3),"mm-dd"),LECTURAS!$A$2:$B$1000,2,FALSE),"")) -> Ezequiel 33–35 | E4: =IF(E3="","",IFERROR(VLOOKUP(TEXT(DATE(CONFIG!$B$1,$J$1,E3),"mm-dd"),LECTURAS!$A$2:$B$1000,2,FALSE),"")) -> Ezequiel 36–40 | F4: =IF(F3="","",IFERROR(VLOOKUP(TEXT(DATE(CONFIG!$B$1,$J$1,F3),"mm-dd"),LECTURAS!$A$2:$B$1000,2,FALSE),"")) -> Ezequiel 41–43 | G4: =IF(G3="","",IFERROR(VLOOKUP(TEXT(DATE(CONFIG!$B$1,$J$1,G3),"mm-dd"),LECTURAS!$A$2:$B$1000,2,FALSE),"")) -> Ezequiel 44–46 | H4: 0 | J4: =DAY(EOMONTH($J$2,0)) -> 30
A5: =IF((($H5*7 + COLUMN()-COLUMN($A$5)+1) - $J$3 + 1)<1,"",IF((($H5*7 + COLUMN()-COLUMN($A$5)+1) - $J$3 + 1)>$J$4,"",(($H5*7 + COLUMN()-COLUMN($A$5)+1) - $J$3 + 1))) -> 6 | B5: =IF((($H5*7 + COLUMN()-COLUMN($A$5)+1) - $J$3 + 1)<1,"",IF((($H5*7 + COLUMN()-COLUMN($A$5)+1) - $J$3 + 1)>$J$4,"",(($H5*7 + COLUMN()-COLUMN($A$5)+1) - $J$3 + 1))) -> 7 | C5: =IF((($H5*7 + COLUMN()-COLUMN($A$5)+1) - $J$3 + 1)<1,"",IF((($H5*7 + COLUMN()-COLUMN($A$5)+1) - $J$3 + 1)>$J$4,"",(($H5*7 + COLUMN()-COLUMN($A$5)+1) - $J$3 + 1))) -> 8 | D5: =IF((($H5*7 + COLUMN()-COLUMN($A$5)+1) - $J$3 + 1)<1,"",IF((($H5*7 + COLUMN()-COLUMN($A$5)+1) - $J$3 + 1)>$J$4,"",(($H5*7 + COLUMN()-COLUMN($A$5)+1) - $J$3 + 1))) -> 9 | E5: =IF((($H5*7 + COLUMN()-COLUMN($A$5)+1) - $J$3 + 1)<1,"",IF((($H5*7 + COLUMN()-COLUMN($A$5)+1) - $J$3 + 1)>$J$4,"",(($H5*7 + COLUMN()-COLUMN($A$5)+1) - $J$3 + 1))) -> 10 | F5: =IF((($H5*7 + COLUMN()-COLUMN($A$5)+1) - $J$3 + 1)<1,"",IF((($H5*7 + COLUMN()-COLUMN($A$5)+1) - $J$3 + 1)>$J$4,"",(($H5*7 + COLUMN()-COLUMN($A$5)+1) - $J$3 + 1))) -> 11 | G5: =IF((($H5*7 + COLUMN()-COLUMN($A$5)+1) - $J$3 + 1)<1,"",IF((($H5*7 + COLUMN()-COLUMN($A$5)+1) - $J$3 + 1)>$J$4,"",(($H5*7 + COLUMN()-COLUMN($A$5)+1) - $J$3 + 1))) -> 12 | H5: 1
A6: =IF(A5="","",IFERROR(VLOOKUP(TEXT(DATE(CONFIG!$B$1,$J$1,A5),"mm-dd"),LECTURAS!$A$2:$B$1000,2,FALSE),"")) -> Ezequiel 47–48; Daniel 1 | B6: =IF(B5="","",IFERROR(VLOOKUP(TEXT(DATE(CONFIG!$B$1,$J$1,B5),"mm-dd"),LECTURAS!$A$2:$B$1000,2,FALSE),"")) -> Daniel 2–4 | C6: =IF(C5="","",IFERROR(VLOOKUP(TEXT(DATE(CONFIG!$B$1,$J$1,C5),"mm-dd"),LECTURAS!$A$2:$B$1000,2,FALSE),"")) -> Daniel 5–7 | D6: =IF(D5="","",IFERROR(VLOOKUP(TEXT(DATE(CONFIG!$B$1,$J$1,D5),"mm-dd"),LECTURAS!$A$2:$B$1000,2,FALSE),"")) -> Daniel 8–10 | E6: =IF(E5="","",IFERROR(VLOOKUP(TEXT(DATE(CONFIG!$B$1,$J$1,E5),"mm-dd"),LECTURAS!$A$2:$B$1000,2,FALSE),"")) -> Daniel 11–12; Ester 1–3 | F6: =IF(F5="","",IFERROR(VLOOKUP(TEXT(DATE(CONFIG!$B$1,$J$1,F5),"mm-dd"),LECTURAS!$A$2:$B$1000,2,FALSE),"")) -> Ester 4–6 | G6: =IF(G5="","",IFERROR(VLOOKUP(TEXT(DATE(CONFIG!$B$1,$J$1,G5),"mm-dd"),LECTURAS!$A$2:$B$1000,2,FALSE),"")) -> Ester 7–10 | H6: 1
A7: =IF((($H7*7 + COLUMN()-COLUMN($A$7)+1) - $J$3 + 1)<1,"",IF((($H7*7 + COLUMN()-COLUMN($A$7)+1) - $J$3 + 1)>$J$4,"",(($H7*7 + COLUMN()-COLUMN($A$7)+1) - $J$3 + 1))) -> 13 | B7: =IF((($H7*7 + COLUMN()-COLUMN($A$7)+1) - $J$3 + 1)<1,"",IF((($H7*7 + COLUMN()-COLUMN($A$7)+1) - $J$3 + 1)>$J$4,"",(($H7*7 + COLUMN()-COLUMN($A$7)+1) - $J$3 + 1))) -> 14 | C7: =IF((($H7*7 + COLUMN()-COLUMN($A$7)+1) - $J$3 + 1)<1,"",IF((($H7*7 + COLUMN()-COLUMN($A$7)+1) - $J$3 + 1)>$J$4,"",(($H7*7 + COLUMN()-COLUMN($A$7)+1) - $J$3 + 1))) -> 15 | D7: =IF((($H7*7 + COLUMN()-COLUMN($A$7)+1) - $J$3 + 1)<1,"",IF((($H7*7 + COLUMN()-COLUMN($A$7)+1) - $J$3 + 1)>$J$4,"",(($H7*7 + COLUMN()-COLUMN($A$7)+1) - $J$3 + 1))) -> 16 | E7: =IF((($H7*7 + COLUMN()-COLUMN($A$7)+1) - $J$3 + 1)<1,"",IF((($H7*7 + COLUMN()-COLUMN($A$7)+1) - $J$3 + 1)>$J$4,"",(($H7*7 + COLUMN()-COLUMN($A$7)+1) - $J$3 + 1))) -> 17 | F7: =IF((($H7*7 + COLUMN()-COLUMN($A$7)+1) - $J$3 + 1)<1,"",IF((($H7*7 + COLUMN()-COLUMN($A$7)+1) - $J$3 + 1)>$J$4,"",(($H7*7 + COLUMN()-COLUMN($A$7)+1) - $J$3 + 1))) -> 18 | G7: =IF((($H7*7 + COLUMN()-COLUMN($A$7)+1) - $J$3 + 1)<1,"",IF((($H7*7 + COLUMN()-COLUMN($A$7)+1) - $J$3 + 1)>$J$4,"",(($H7*7 + COLUMN()-COLUMN($A$7)+1) - $J$3 + 1))) -> 19 | H7: 2
A8: =IF(A7="","",IFERROR(VLOOKUP(TEXT(DATE(CONFIG!$B$1,$J$1,A7),"mm-dd"),LECTURAS!$A$2:$B$1000,2,FALSE),"")) -> Esdras 1–3 | B8: =IF(B7="","",IFERROR(VLOOKUP(TEXT(DATE(CONFIG!$B$1,$J$1,B7),"mm-dd"),LECTURAS!$A$2:$B$1000,2,FALSE),"")) -> Esdras 4–6 | C8: =IF(C7="","",IFERROR(VLOOKUP(TEXT(DATE(CONFIG!$B$1,$J$1,C7),"mm-dd"),LECTURAS!$A$2:$B$1000,2,FALSE),"")) -> Esdras 7–9 | D8: =IF(D7="","",IFERROR(VLOOKUP(TEXT(DATE(CONFIG!$B$1,$J$1,D7),"mm-dd"),LECTURAS!$A$2:$B$1000,2,FALSE),"")) -> Esdras 10; Nehemías 1–2 | E8: =IF(E7="","",IFERROR(VLOOKUP(TEXT(DATE(CONFIG!$B$1,$J$1,E7),"mm-dd"),LECTURAS!$A$2:$B$1000,2,FALSE),"")) -> Nehemías 3–7 | F8: =IF(F7="","",IFERROR(VLOOKUP(TEXT(DATE(CONFIG!$B$1,$J$1,F7),"mm-dd"),LECTURAS!$A$2:$B$1000,2,FALSE),"")) -> Nehemías 8–10 | G8: =IF(G7="","",IFERROR(VLOOKUP(TEXT(DATE(CONFIG!$B$1,$J$1,G7),"mm-dd"),LECTURAS!$A$2:$B$1000,2,FALSE),"")) -> Nehemías 11–13 | H8: 2
A9: =IF((($H9*7 + COLUMN()-COLUMN($A$9)+1) - $J$3 + 1)<1,"",IF((($H9*7 + COLUMN()-COLUMN($A$9)+1) - $J$3 + 1)>$J$4,"",(($H9*7 + COLUMN()-COLUMN($A$9)+1) - $J$3 + 1))) -> 20 | B9: =IF((($H9*7 + COLUMN()-COLUMN($A$9)+1) - $J$3 + 1)<1,"",IF((($H9*7 + COLUMN()-COLUMN($A$9)+1) - $J$3 + 1)>$J$4,"",(($H9*7 + COLUMN()-COLUMN($A$9)+1) - $J$3 + 1))) -> 21 | C9: =IF((($H9*7 + COLUMN()-COLUMN($A$9)+1) - $J$3 + 1)<1,"",IF((($H9*7 + COLUMN()-COLUMN($A$9)+1) - $J$3 + 1)>$J$4,"",(($H9*7 + COLUMN()-COLUMN($A$9)+1) - $J$3 + 1))) -> 22 | D9: =IF((($H9*7 + COLUMN()-COLUMN($A$9)+1) - $J$3 + 1)<1,"",IF((($H9*7 + COLUMN()-COLUMN($A$9)+1) - $J$3 + 1)>$J$4,"",(($H9*7 + COLUMN()-COLUMN($A$9)+1) - $J$3 + 1))) -> 23 | E9: =IF((($H9*7 + COLUMN()-COLUMN($A$9)+1) - $J$3 + 1)<1,"",IF((($H9*7 + COLUMN()-COLUMN($A$9)+1) - $J$3 + 1)>$J$4,"",(($H9*7 + COLUMN()-COLUMN($A$9)+1) - $J$3 + 1))) -> 24 | F9: =IF((($H9*7 + COLUMN()-COLUMN($A$9)+1) - $J$3 + 1)<1,"",IF((($H9*7 + COLUMN()-COLUMN($A$9)+1) - $J$3 + 1)>$J$4,"",(($H9*7 + COLUMN()-COLUMN($A$9)+1) - $J$3 + 1))) -> 25 | G9: =IF((($H9*7 + COLUMN()-COLUMN($A$9)+1) - $J$3 + 1)<1,"",IF((($H9*7 + COLUMN()-COLUMN($A$9)+1) - $J$3 + 1)>$J$4,"",(($H9*7 + COLUMN()-COLUMN($A$9)+1) - $J$3 + 1))) -> 26 | H9: 3
A10: =IF(A9="","",IFERROR(VLOOKUP(TEXT(DATE(CONFIG!$B$1,$J$1,A9),"mm-dd"),LECTURAS!$A$2:$B$1000,2,FALSE),"")) -> Cantares 1–3 | B10: =IF(B9="","",IFERROR(VLOOKUP(TEXT(DATE(CONFIG!$B$1,$J$1,B9),"mm-dd"),LECTURAS!$A$2:$B$1000,2,FALSE),"")) -> Cantares 4–6 | C10: =IF(C9="","",IFERROR(VLOOKUP(TEXT(DATE(CONFIG!$B$1,$J$1,C9),"mm-dd"),LECTURAS!$A$2:$B$1000,2,FALSE),"")) -> Cantares 7–8 | D10: =IF(D9="","",IFERROR(VLOOKUP(TEXT(DATE(CONFIG!$B$1,$J$1,D9),"mm-dd"),LECTURAS!$A$2:$B$1000,2,FALSE),"")) -> Eclesiastés 1–3 | E10: =IF(E9="","",IFERROR(VLOOKUP(TEXT(DATE(CONFIG!$B$1,$J$1,E9),"mm-dd"),LECTURAS!$A$2:$B$1000,2,FALSE),"")) -> Eclesiastés 4–8 | F10: =IF(F9="","",IFERROR(VLOOKUP(TEXT(DATE(CONFIG!$B$1,$J$1,F9),"mm-dd"),LECTURAS!$A$2:$B$1000,2,FALSE),"")) -> Eclesiastés 9–12 | G10: =IF(G9="","",IFERROR(VLOOKUP(TEXT(DATE(CONFIG!$B$1,$J$1,G9),"mm-dd"),LECTURAS!$A$2:$B$1000,2,FALSE),"")) -> Marcos 1; Job 1–2 | H10: 3
A11: =IF((($H11*7 + COLUMN()-COLUMN($A$11)+1) - $J$3 + 1)<1,"",IF((($H11*7 + COLUMN()-COLUMN($A$11)+1) - $J$3 + 1)>$J$4,"",(($H11*7 + COLUMN()-COLUMN($A$11)+1) - $J$3 + 1))) -> 27 | B11: =IF((($H11*7 + COLUMN()-COLUMN($A$11)+1) - $J$3 + 1)<1,"",IF((($H11*7 + COLUMN()-COLUMN($A$11)+1) - $J$3 + 1)>$J$4,"",(($H11*7 + COLUMN()-COLUMN($A$11)+1) - $J$3 + 1))) -> 28 | C11: =IF((($H11*7 + COLUMN()-COLUMN($A$11)+1) - $J$3 + 1)<1,"",IF((($H11*7 + COLUMN()-COLUMN($A$11)+1) - $J$3 + 1)>$J$4,"",(($H11*7 + COLUMN()-COLUMN($A$11)+1) - $J$3 + 1))) -> 29 | D11: =IF((($H11*7 + COLUMN()-COLUMN($A$11)+1) - $J$3 + 1)<1,"",IF((($H11*7 + COLUMN()-COLUMN($A$11)+1) - $J$3 + 1)>$J$4,"",(($H11*7 + COLUMN()-COLUMN($A$11)+1) - $J$3 + 1))) -> 30 | E11: =IF((($H11*7 + COLUMN()-COLUMN($A$11)+1) - $J$3 + 1)<1,"",IF((($H11*7 + COLUMN()-COLUMN($A$11)+1) - $J$3 + 1)>$J$4,"",(($H11*7 + COLUMN()-COLUMN($A$11)+1) - $J$3 + 1))) | F11: =IF((($H11*7 + COLUMN()-COLUMN($A$11)+1) - $J$3 + 1)<1,"",IF((($H11*7 + COLUMN()-COLUMN($A$11)+1) - $J$3 + 1)>$J$4,"",(($H11*7 + COLUMN()-COLUMN($A$11)+1) - $J$3 + 1))) | G11: =IF((($H11*7 + COLUMN()-COLUMN($A$11)+1) - $J$3 + 1)<1,"",IF((($H11*7 + COLUMN()-COLUMN($A$11)+1) - $J$3 + 1)>$J$4,"",(($H11*7 + COLUMN()-COLUMN($A$11)+1) - $J$3 + 1))) | H11: 4
A12: =IF(A11="","",IFERROR(VLOOKUP(TEXT(DATE(CONFIG!$B$1,$J$1,A11),"mm-dd"),LECTURAS!$A$2:$B$1000,2,FALSE),"")) -> Marcos 2; Job 3–4 | B12: =IF(B11="","",IFERROR(VLOOKUP(TEXT(DATE(CONFIG!$B$1,$J$1,B11),"mm-dd"),LECTURAS!$A$2:$B$1000,2,FALSE),"")) -> Marcos 3; Job 5–6 | C12: =IF(C11="","",IFERROR(VLOOKUP(TEXT(DATE(CONFIG!$B$1,$J$1,C11),"mm-dd"),LECTURAS!$A$2:$B$1000,2,FALSE),"")) -> Marcos 4; Job 7–9 | D12: =IF(D11="","",IFERROR(VLOOKUP(TEXT(DATE(CONFIG!$B$1,$J$1,D11),"mm-dd"),LECTURAS!$A$2:$B$1000,2,FALSE),"")) -> Marcos 5–6; Job 10–13 | E12: =IF(E11="","",IFERROR(VLOOKUP(TEXT(DATE(CONFIG!$B$1,$J$1,E11),"mm-dd"),LECTURAS!$A$2:$B$1000,2,FALSE),"")) | F12: =IF(F11="","",IFERROR(VLOOKUP(TEXT(DATE(CONFIG!$B$1,$J$1,F11),"mm-dd"),LECTURAS!$A$2:$B$1000,2,FALSE),"")) | G12: =IF(G11="","",IFERROR(VLOOKUP(TEXT(DATE(CONFIG!$B$1,$J$1,G11),"mm-dd"),LECTURAS!$A$2:$B$1000,2,FALSE),"")) | H12: 4
A13: =IF((($H13*7 + COLUMN()-COLUMN($A$13)+1) - $J$3 + 1)<1,"",IF((($H13*7 + COLUMN()-COLUMN($A$13)+1) - $J$3 + 1)>$J$4,"",(($H13*7 + COLUMN()-COLUMN($A$13)+1) - $J$3 + 1))) | B13: =IF((($H13*7 + COLUMN()-COLUMN($A$13)+1) - $J$3 + 1)<1,"",IF((($H13*7 + COLUMN()-COLUMN($A$13)+1) - $J$3 + 1)>$J$4,"",(($H13*7 + COLUMN()-COLUMN($A$13)+1) - $J$3 + 1))) | C13: =IF((($H13*7 + COLUMN()-COLUMN($A$13)+1) - $J$3 + 1)<1,"",IF((($H13*7 + COLUMN()-COLUMN($A$13)+1) - $J$3 + 1)>$J$4,"",(($H13*7 + COLUMN()-COLUMN($A$13)+1) - $J$3 + 1))) | D13: =IF((($H13*7 + COLUMN()-COLUMN($A$13)+1) - $J$3 + 1)<1,"",IF((($H13*7 + COLUMN()-COLUMN($A$13)+1) - $J$3 + 1)>$J$4,"",(($H13*7 + COLUMN()-COLUMN($A$13)+1) - $J$3 + 1))) | E13: =IF((($H13*7 + COLUMN()-COLUMN($A$13)+1) - $J$3 + 1)<1,"",IF((($H13*7 + COLUMN()-COLUMN($A$13)+1) - $J$3 + 1)>$J$4,"",(($H13*7 + COLUMN()-COLUMN($A$13)+1) - $J$3 + 1))) | F13: =IF((($H13*7 + COLUMN()-COLUMN($A$13)+1) - $J$3 + 1)<1,"",IF((($H13*7 + COLUMN()-COLUMN($A$13)+1) - $J$3 + 1)>$J$4,"",(($H13*7 + COLUMN()-COLUMN($A$13)+1) - $J$3 + 1))) | G13: =IF((($H13*7 + COLUMN()-COLUMN($A$13)+1) - $J$3 + 1)<1,"",IF((($H13*7 + COLUMN()-COLUMN($A$13)+1) - $J$3 + 1)>$J$4,"",(($H13*7 + COLUMN()-COLUMN($A$13)+1) - $J$3 + 1))) | H13: 5
A14: =IF(A13="","",IFERROR(VLOOKUP(TEXT(DATE(CONFIG!$B$1,$J$1,A13),"mm-dd"),LECTURAS!$A$2:$B$1000,2,FALSE),"")) | B14: =IF(B13="","",IFERROR(VLOOKUP(TEXT(DATE(CONFIG!$B$1,$J$1,B13),"mm-dd"),LECTURAS!$A$2:$B$1000,2,FALSE),"")) | C14: =IF(C13="","",IFERROR(VLOOKUP(TEXT(DATE(CONFIG!$B$1,$J$1,C13),"mm-dd"),LECTURAS!$A$2:$B$1000,2,FALSE),"")) | D14: =IF(D13="","",IFERROR(VLOOKUP(TEXT(DATE(CONFIG!$B$1,$J$1,D13),"mm-dd"),LECTURAS!$A$2:$B$1000,2,FALSE),"")) | E14: =IF(E13="","",IFERROR(VLOOKUP(TEXT(DATE(CONFIG!$B$1,$J$1,E13),"mm-dd"),LECTURAS!$A$2:$B$1000,2,FALSE),"")) | F14: =IF(F13="","",IFERROR(VLOOKUP(TEXT(DATE(CONFIG!$B$1,$J$1,F13),"mm-dd"),LECTURAS!$A$2:$B$1000,2,FALSE),"")) | G14: =IF(G13="","",IFERROR(VLOOKUP(TEXT(DATE(CONFIG!$B$1,$J$1,G13),"mm-dd"),LECTURAS!$A$2:$B$1000,2,FALSE),"")) | H14: 5

Sheet Octubre
A1: Octubre | J1: 10
A2: Domingo | B2: Lunes | C2: Martes | D2: Miércoles | E2: Jueves | F2: Viernes | G2: Sábado | J2: =DATE(CONFIG!$B$1,$J$1,1) -> 46296
A3: =IF((($H3*7 + COLUMN()-COLUMN($A$3)+1) - $J$3 + 1)<1,"",IF((($H3*7 + COLUMN()-COLUMN($A$3)+1) - $J$3 + 1)>$J$4,"",(($H3*7 + COLUMN()-COLUMN($A$3)+1) - $J$3 + 1))) | B3: =IF((($H3*7 + COLUMN()-COLUMN($A$3)+1) - $J$3 + 1)<1,"",IF((($H3*7 + COLUMN()-COLUMN($A$3)+1) - $J$3 + 1)>$J$4,"",(($H3*7 + COLUMN()-COLUMN($A$3)+1) - $J$3 + 1))) | C3: =IF((($H3*7 + COLUMN()-COLUMN($A$3)+1) - $J$3 + 1)<1,"",IF((($H3*7 + COLUMN()-COLUMN($A$3)+1) - $J$3 + 1)>$J$4,"",(($H3*7 + COLUMN()-COLUMN($A$3)+1) - $J$3 + 1))) | D3: =IF((($H3*7 + COLUMN()-COLUMN($A$3)+1) - $J$3 + 1)<1,"",IF((($H3*7 + COLUMN()-COLUMN($A$3)+1) - $J$3 + 1)>$J$4,"",(($H3*7 + COLUMN()-COLUMN($A$3)+1) - $J$3 + 1))) | E3: =IF((($H3*7 + COLUMN()-COLUMN($A$3)+1) - $J$3 + 1)<1,"",IF((($H3*7 + COLUMN()-COLUMN($A$3)+1) - $J$3 + 1)>$J$4,"",(($H3*7 + COLUMN()-COLUMN($A$3)+1) - $J$3 + 1))) -> 1 | F3: =IF((($H3*7 + COLUMN()-COLUMN($A$3)+1) - $J$3 + 1)<1,"",IF((($H3*7 + COLUMN()-COLUMN($A$3)+1) - $J$3 + 1)>$J$4,"",(($H3*7 + COLUMN()-COLUMN($A$3)+1) - $J$3 + 1))) -> 2 | G3: =IF((($H3*7 + COLUMN()-COLUMN($A$3)+1) - $J$3 + 1)<1,"",IF((($H3*7 + COLUMN()-COLUMN($A$3)+1) - $J$3 + 1)>$J$4,"",(($H3*7 + COLUMN()-COLUMN($A$3)+1) - $J$3 + 1))) -> 3 | H3: 0 | J3: =WEEKDAY($J$2,1) -> 5
A4: =IF(A3="","",IFERROR(VLOOKUP(TEXT(DATE(CONFIG!$B$1,$J$1,A3),"mm-dd"),LECTURAS!$A$2:$B$1000,2,FALSE),"")) | B4: =IF(B3="","",IFERROR(VLOOKUP(TEXT(DATE(CONFIG!$B$1,$J$1,B3),"mm-dd"),LECTURAS!$A$2:$B$1000,2,FALSE),"")) | C4: =IF(C3="","",IFERROR(VLOOKUP(TEXT(DATE(CONFIG!$B$1,$J$1,C3),"mm-dd"),LECTURAS!$A$2:$B$1000,2,FALSE),"")) | D4: =IF(D3="","",IFERROR(VLOOKUP(TEXT(DATE(CONFIG!$B$1,$J$1,D3),"mm-dd"),LECTURAS!$A$2:$B$1000,2,FALSE),"")) | E4: =IF(E3="","",IFERROR(VLOOKUP(TEXT(DATE(CONFIG!$B$1,$J$1,E3),"mm-dd"),LECTURAS!$A$2:$B$1000,2,FALSE),"")) -> Marcos 7; Job 14–16 | F4: =IF(F3="","",IFERROR(VLOOKUP(TEXT(DATE(CONFIG!$B$1,$J$1,F3),"mm-dd"),LECTURAS!$A$2:$B$1000,2,FALSE),"")) -> Marcos 8; Job 17–18 | G4: =IF(G3="","",IFERROR(VLOOKUP(TEXT(DATE(CONFIG!$B$1,$J$1,G3),"mm-dd"),LECTURAS!$A$2:$B$1000,2,FALSE),"")) -> Marcos 9; Job 19–20 | H4: 0 | J4: =DAY(EOMONTH($J$2,0)) -> 31
A5: =IF((($H5*7 + COLUMN()-COLUMN($A$5)+1) - $J$3 + 1)<1,"",IF((($H5*7 + COLUMN()-COLUMN($A$5)+1) - $J$3 + 1)>$J$4,"",(($H5*7 + COLUMN()-COLUMN($A$5)+1) - $J$3 + 1))) -> 4 | B5: =IF((($H5*7 + COLUMN()-COLUMN($A$5)+1) - $J$3 + 1)<1,"",IF((($H5*7 + COLUMN()-COLUMN($A$5)+1) - $J$3 + 1)>$J$4,"",(($H5*7 + COLUMN()-COLUMN($A$5)+1) - $J$3 + 1))) -> 5 | C5: =IF((($H5*7 + COLUMN()-COLUMN($A$5)+1) - $J$3 + 1)<1,"",IF((($H5*7 + COLUMN()-COLUMN($A$5)+1) - $J$3 + 1)>$J$4,"",(($H5*7 + COLUMN()-COLUMN($A$5)+1) - $J$3 + 1))) -> 6 | D5: =IF((($H5*7 + COLUMN()-COLUMN($A$5)+1) - $J$3 + 1)<1,"",IF((($H5*7 + COLUMN()-COLUMN($A$5)+1) - $J$3 + 1)>$J$4,"",(($H5*7 + COLUMN()-COLUMN($A$5)+1) - $J$3 + 1))) -> 7 | E5: =IF((($H5*7 + COLUMN()-COLUMN($A$5)+1) - $J$3 + 1)<1,"",IF((($H5*7 + COLUMN()-COLUMN($A$5)+1) - $J$3 + 1)>$J$4,"",(($H5*7 + COLUMN()-COLUMN($A$5)+1) - $J$3 + 1))) -> 8 | F5: =IF((($H5*7 + COLUMN()-COLUMN($A$5)+1) - $J$3 + 1)<1,"",IF((($H5*7 + COLUMN()-COLUMN($A$5)+1) - $J$3 + 1)>$J$4,"",(($H5*7 + COLUMN()-COLUMN($A$5)+1) - $J$3 + 1))) -> 9 | G5: =IF((($H5*7 + COLUMN()-COLUMN($A$5)+1) - $J$3 + 1)<1,"",IF((($H5*7 + COLUMN()-COLUMN($A$5)+1) - $J$3 + 1)>$J$4,"",(($H5*7 + COLUMN()-COLUMN($A$5)+1) - $J$3 + 1))) -> 10 | H5: 1
A6: =IF(A5="","",IFERROR(VLOOKUP(TEXT(DATE(CONFIG!$B$1,$J$1,A5),"mm-dd"),LECTURAS!$A$2:$B$1000,2,FALSE),"")) -> Marcos 10; Job 21–22 | B6: =IF(B5="","",IFERROR(VLOOKUP(TEXT(DATE(CONFIG!$B$1,$J$1,B5),"mm-dd"),LECTURAS!$A$2:$B$1000,2,FALSE),"")) -> Marcos 11; Job 23–24 | C6: =IF(C5="","",IFERROR(VLOOKUP(TEXT(DATE(CONFIG!$B$1,$J$1,C5),"mm-dd"),LECTURAS!$A$2:$B$1000,2,FALSE),"")) -> Marcos 12; Job 25–26 | D6: =IF(D5="","",IFERROR(VLOOKUP(TEXT(DATE(CONFIG!$B$1,$J$1,D5),"mm-dd"),LECTURAS!$A$2:$B$1000,2,FALSE),"")) -> Marcos 13; Job 27–28 | E6: =IF(E5="","",IFERROR(VLOOKUP(TEXT(DATE(CONFIG!$B$1,$J$1,E5),"mm-dd"),LECTURAS!$A$2:$B$1000,2,FALSE),"")) -> Marcos 14; Job 29–30 | F6: =IF(F5="","",IFERROR(VLOOKUP(TEXT(DATE(CONFIG!$B$1,$J$1,F5),"mm-dd"),LECTURAS!$A$2:$B$1000,2,FALSE),"")) -> Marcos 15; Job 31–32 | G6: =IF(G5="","",IFERROR(VLOOKUP(TEXT(DATE(CONFIG!$B$1,$J$1,G5),"mm-dd"),LECTURAS!$A$2:$B$1000,2,FALSE),"")) -> Marcos 16; Job 33–34 | H6: 1
A7: =IF((($H7*7 + COLUMN()-COLUMN($A$7)+1) - $J$3 + 1)<1,"",IF((($H7*7 + COLUMN()-COLUMN($A$7)+1) - $J$3 + 1)>$J$4,"",(($H7*7 + COLUMN()-COLUMN($A$7)+1) - $J$3 + 1))) -> 11 | B7: =IF((($H7*7 + COLUMN()-COLUMN($A$7)+1) - $J$3 + 1)<1,"",IF((($H7*7 + COLUMN()-COLUMN($A$7)+1) - $J$3 + 1)>$J$4,"",(($H7*7 + COLUMN()-COLUMN($A$7)+1) - $J$3 + 1))) -> 12 | C7: =IF((($H7*7 + COLUMN()-COLUMN($A$7)+1) - $J$3 + 1)<1,"",IF((($H7*7 + COLUMN()-COLUMN($A$7)+1) - $J$3 + 1)>$J$4,"",(($H7*7 + COLUMN()-COLUMN($A$7)+1) - $J$3 + 1))) -> 13 | D7: =IF((($H7*7 + COLUMN()-COLUMN($A$7)+1) - $J$3 + 1)<1,"",IF((($H7*7 + COLUMN()-COLUMN($A$7)+1) - $J$3 + 1)>$J$4,"",(($H7*7 + COLUMN()-COLUMN($A$7)+1) - $J$3 + 1))) -> 14 | E7: =IF((($H7*7 + COLUMN()-COLUMN($A$7)+1) - $J$3 + 1)<1,"",IF((($H7*7 + COLUMN()-COLUMN($A$7)+1) - $J$3 + 1)>$J$4,"",(($H7*7 + COLUMN()-COLUMN($A$7)+1) - $J$3 + 1))) -> 15 | F7: =IF((($H7*7 + COLUMN()-COLUMN($A$7)+1) - $J$3 + 1)<1,"",IF((($H7*7 + COLUMN()-COLUMN($A$7)+1) - $J$3 + 1)>$J$4,"",(($H7*7 + COLUMN()-COLUMN($A$7)+1) - $J$3 + 1))) -> 16 | G7: =IF((($H7*7 + COLUMN()-COLUMN($A$7)+1) - $J$3 + 1)<1,"",IF((($H7*7 + COLUMN()-COLUMN($A$7)+1) - $J$3 + 1)>$J$4,"",(($H7*7 + COLUMN()-COLUMN($A$7)+1) - $J$3 + 1))) -> 17 | H7: 2
A8: =IF(A7="","",IFERROR(VLOOKUP(TEXT(DATE(CONFIG!$B$1,$J$1,A7),"mm-dd"),LECTURAS!$A$2:$B$1000,2,FALSE),"")) -> Job 35–37 | B8: =IF(B7="","",IFERROR(VLOOKUP(TEXT(DATE(CONFIG!$B$1,$J$1,B7),"mm-dd"),LECTURAS!$A$2:$B$1000,2,FALSE),"")) -> Job 38–40 | C8: =IF(C7="","",IFERROR(VLOOKUP(TEXT(DATE(CONFIG!$B$1,$J$1,C7),"mm-dd"),LECTURAS!$A$2:$B$1000,2,FALSE),"")) -> Job 41–42; 1 Corintios 1–3 | D8: =IF(D7="","",IFERROR(VLOOKUP(TEXT(DATE(CONFIG!$B$1,$J$1,D7),"mm-dd"),LECTURAS!$A$2:$B$1000,2,FALSE),"")) -> 1 Corintios 4–8 | E8: =IF(E7="","",IFERROR(VLOOKUP(TEXT(DATE(CONFIG!$B$1,$J$1,E7),"mm-dd"),LECTURAS!$A$2:$B$1000,2,FALSE),"")) -> 1 Corintios 9–11 | F8: =IF(F7="","",IFERROR(VLOOKUP(TEXT(DATE(CONFIG!$B$1,$J$1,F7),"mm-dd"),LECTURAS!$A$2:$B$1000,2,FALSE),"")) -> 1 Corintios 12–14 | G8: =IF(G7="","",IFERROR(VLOOKUP(TEXT(DATE(CONFIG!$B$1,$J$1,G7),"mm-dd"),LECTURAS!$A$2:$B$1000,2,FALSE),"")) -> 1 Corintios 15–16; Salmo 48 | H8: 2
A9: =IF((($H9*7 + COLUMN()-COLUMN($A$9)+1) - $J$3 + 1)<1,"",IF((($H9*7 + COLUMN()-COLUMN($A$9)+1) - $J$3 + 1)>$J$4,"",(($H9*7 + COLUMN()-COLUMN($A$9)+1) - $J$3 + 1))) -> 18 | B9: =IF((($H9*7 + COLUMN()-COLUMN($A$9)+1) - $J$3 + 1)<1,"",IF((($H9*7 + COLUMN()-COLUMN($A$9)+1) - $J$3 + 1)>$J$4,"",(($H9*7 + COLUMN()-COLUMN($A$9)+1) - $J$3 + 1))) -> 19 | C9: =IF((($H9*7 + COLUMN()-COLUMN($A$9)+1) - $J$3 + 1)<1,"",IF((($H9*7 + COLUMN()-COLUMN($A$9)+1) - $J$3 + 1)>$J$4,"",(($H9*7 + COLUMN()-COLUMN($A$9)+1) - $J$3 + 1))) -> 20 | D9: =IF((($H9*7 + COLUMN()-COLUMN($A$9)+1) - $J$3 + 1)<1,"",IF((($H9*7 + COLUMN()-COLUMN($A$9)+1) - $J$3 + 1)>$J$4,"",(($H9*7 + COLUMN()-COLUMN($A$9)+1) - $J$3 + 1))) -> 21 | E9: =IF((($H9*7 + COLUMN()-COLUMN($A$9)+1) - $J$3 + 1)<1,"",IF((($H9*7 + COLUMN()-COLUMN($A$9)+1) - $J$3 + 1)>$J$4,"",(($H9*7 + COLUMN()-COLUMN($A$9)+1) - $J$3 + 1))) -> 22 | F9: =IF((($H9*7 + COLUMN()-COLUMN($A$9)+1) - $J$3 + 1)<1,"",IF((($H9*7 + COLUMN()-COLUMN($A$9)+1) - $J$3 + 1)>$J$4,"",(($H9*7 + COLUMN()-COLUMN($A$9)+1) - $J$3 + 1))) -> 23 | G9: =IF((($H9*7 + COLUMN()-COLUMN($A$9)+1) - $J$3 + 1)<1,"",IF((($H9*7 + COLUMN()-COLUMN($A$9)+1) - $J$3 + 1)>$J$4,"",(($H9*7 + COLUMN()-COLUMN($A$9)+1) - $J$3 + 1))) -> 24 | H9: 3
A10: =IF(A9="","",IFERROR(VLOOKUP(TEXT(DATE(CONFIG!$B$1,$J$1,A9),"mm-dd"),LECTURAS!$A$2:$B$1000,2,FALSE),"")) -> 2 Corintios 1; Salmo 49–50 | B10: =IF(B9="","",IFERROR(VLOOKUP(TEXT(DATE(CONFIG!$B$1,$J$1,B9),"mm-dd"),LECTURAS!$A$2:$B$1000,2,FALSE),"")) -> 2 Corintios 2; Salmo 51–52 | C10: =IF(C9="","",IFERROR(VLOOKUP(TEXT(DATE(CONFIG!$B$1,$J$1,C9),"mm-dd"),LECTURAS!$A$2:$B$1000,2,FALSE),"")) -> 2 Corintios 3; Salmo 53–54 | D10: =IF(D9="","",IFERROR(VLOOKUP(TEXT(DATE(CONFIG!$B$1,$J$1,D9),"mm-dd"),LECTURAS!$A$2:$B$1000,2,FALSE),"")) -> 2 Corintios 4; Salmo 55–58 | E10: =IF(E9="","",IFERROR(VLOOKUP(TEXT(DATE(CONFIG!$B$1,$J$1,E9),"mm-dd"),LECTURAS!$A$2:$B$1000,2,FALSE),"")) -> 2 Corintios 5; Salmo 59–60 | F10: =IF(F9="","",IFERROR(VLOOKUP(TEXT(DATE(CONFIG!$B$1,$J$1,F9),"mm-dd"),LECTURAS!$A$2:$B$1000,2,FALSE),"")) -> 2 Corintios 6; Salmo 61–62 | G10: =IF(G9="","",IFERROR(VLOOKUP(TEXT(DATE(CONFIG!$B$1,$J$1,G9),"mm-dd"),LECTURAS!$A$2:$B$1000,2,FALSE),"")) -> 2 Corintios 7; Salmo 63–64 | H10: 3
A11: =IF((($H11*7 + COLUMN()-COLUMN($A$11)+1) - $J$3 + 1)<1,"",IF((($H11*7 + COLUMN()-COLUMN($A$11)+1) - $J$3 + 1)>$J$4,"",(($H11*7 + COLUMN()-COLUMN($A$11)+1) - $J$3 + 1))) -> 25 | B11: =IF((($H11*7 + COLUMN()-COLUMN($A$11)+1) - $J$3 + 1)<1,"",IF((($H11*7 + COLUMN()-COLUMN($A$11)+1) - $J$3 + 1)>$J$4,"",(($H11*7 + COLUMN()-COLUMN($A$11)+1) - $J$3 + 1))) -> 26 | C11: =IF((($H11*7 + COLUMN()-COLUMN($A$11)+1) - $J$3 + 1)<1,"",IF((($H11*7 + COLUMN()-COLUMN($A$11)+1) - $J$3 + 1)>$J$4,"",(($H11*7 + COLUMN()-COLUMN($A$11)+1) - $J$3 + 1))) -> 27 | D11: =IF((($H11*7 + COLUMN()-COLUMN($A$11)+1) - $J$3 + 1)<1,"",IF((($H11*7 + COLUMN()-COLUMN($A$11)+1) - $J$3 + 1)>$J$4,"",(($H11*7 + COLUMN()-COLUMN($A$11)+1) - $J$3 + 1))) -> 28 | E11: =IF((($H11*7 + COLUMN()-COLUMN($A$11)+1) - $J$3 + 1)<1,"",IF((($H11*7 + COLUMN()-COLUMN($A$11)+1) - $J$3 + 1)>$J$4,"",(($H11*7 + COLUMN()-COLUMN($A$11)+1) - $J$3 + 1))) -> 29 | F11: =IF((($H11*7 + COLUMN()-COLUMN($A$11)+1) - $J$3 + 1)<1,"",IF((($H11*7 + COLUMN()-COLUMN($A$11)+1) - $J$3 + 1)>$J$4,"",(($H11*7 + COLUMN()-COLUMN($A$11)+1) - $J$3 + 1))) -> 30 | G11: =IF((($H11*7 + COLUMN()-COLUMN($A$11)+1) - $J$3 + 1)<1,"",IF((($H11*7 + COLUMN()-COLUMN($A$11)+1) - $J$3 + 1)>$J$4,"",(($H11*7 + COLUMN()-COLUMN($A$11)+1) - $J$3 + 1))) -> 31 | H11: 4
A12: =IF(A11="","",IFERROR(VLOOKUP(TEXT(DATE(CONFIG!$B$1,$J$1,A11),"mm-dd"),LECTURAS!$A$2:$B$1000,2,FALSE),"")) -> 2 Corintios 8; Salmo 65–66 | B12: =IF(B11="","",IFERROR(VLOOKUP(TEXT(DATE(CONFIG!$B$1,$J$1,B11),"mm-dd"),LECTURAS!$A$2:$B$1000,2,FALSE),"")) -> 2 Corintios 9; Salmo 67–68 | C12: =IF(C11="","",IFERROR(VLOOKUP(TEXT(DATE(CONFIG!$B$1,$J$1,C11),"mm-dd"),LECTURAS!$A$2:$B$1000,2,FALSE),"")) -> 2 Corintios 10; Salmo 69–70 | D12: =IF(D11="","",IFERROR(VLOOKUP(TEXT(DATE(CONFIG!$B$1,$J$1,D11),"mm-dd"),LECTURAS!$A$2:$B$1000,2,FALSE),"")) -> 2 Corintios 11; Salmo 71–72 | E12: =IF(E11="","",IFERROR(VLOOKUP(TEXT(DATE(CONFIG!$B$1,$J$1,E11),"mm-dd"),LECTURAS!$A$2:$B$1000,2,FALSE),"")) -> 2 Corintios 12; Salmo 73–74 | F12: =IF(F11="","",IFERROR(VLOOKUP(TEXT(DATE(CONFIG!$B$1,$J$1,F11),"mm-dd"),LECTURAS!$A$2:$B$1000,2,FALSE),"")) -> 2 Corintios 13; Salmo 75–76 | G12: =IF(G11="","",IFERROR(VLOOKUP(TEXT(DATE(CONFIG!$B$1,$J$1,G11),"mm-dd"),LECTURAS!$A$2:$B$1000,2,FALSE),"")) -> 1 Pedro 1; Salmo 77–78 | H12: 4
A13: =IF((($H13*7 + COLUMN()-COLUMN($A$13)+1) - $J$3 + 1)<1,"",IF((($H13*7 + COLUMN()-COLUMN($A$13)+1) - $J$3 + 1)>$J$4,"",(($H13*7 + COLUMN()-COLUMN($A$13)+1) - $J$3 + 1))) | B13: =IF((($H13*7 + COLUMN()-COLUMN($A$13)+1) - $J$3 + 1)<1,"",IF((($H13*7 + COLUMN()-COLUMN($A$13)+1) - $J$3 + 1)>$J$4,"",(($H13*7 + COLUMN()-COLUMN($A$13)+1) - $J$3 + 1))) | C13: =IF((($H13*7 + COLUMN()-COLUMN($A$13)+1) - $J$3 + 1)<1,"",IF((($H13*7 + COLUMN()-COLUMN($A$13)+1) - $J$3 + 1)>$J$4,"",(($H13*7 + COLUMN()-COLUMN($A$13)+1) - $J$3 + 1))) | D13: =IF((($H13*7 + COLUMN()-COLUMN($A$13)+1) - $J$3 + 1)<1,"",IF((($H13*7 + COLUMN()-COLUMN($A$13)+1) - $J$3 + 1)>$J$4,"",(($H13*7 + COLUMN()-COLUMN($A$13)+1) - $J$3 + 1))) | E13: =IF((($H13*7 + COLUMN()-COLUMN($A$13)+1) - $J$3 + 1)<1,"",IF((($H13*7 + COLUMN()-COLUMN($A$13)+1) - $J$3 + 1)>$J$4,"",(($H13*7 + COLUMN()-COLUMN($A$13)+1) - $J$3 + 1))) | F13: =IF((($H13*7 + COLUMN()-COLUMN($A$13)+1) - $J$3 + 1)<1,"",IF((($H13*7 + COLUMN()-COLUMN($A$13)+1) - $J$3 + 1)>$J$4,"",(($H13*7 + COLUMN()-COLUMN($A$13)+1) - $J$3 + 1))) | G13: =IF((($H13*7 + COLUMN()-COLUMN($A$13)+1) - $J$3 + 1)<1,"",IF((($H13*7 + COLUMN()-COLUMN($A$13)+1) - $J$3 + 1)>$J$4,"",(($H13*7 + COLUMN()-COLUMN($A$13)+1) - $J$3 + 1))) | H13: 5
A14: =IF(A13="","",IFERROR(VLOOKUP(TEXT(DATE(CONFIG!$B$1,$J$1,A13),"mm-dd"),LECTURAS!$A$2:$B$1000,2,FALSE),"")) | B14: =IF(B13="","",IFERROR(VLOOKUP(TEXT(DATE(CONFIG!$B$1,$J$1,B13),"mm-dd"),LECTURAS!$A$2:$B$1000,2,FALSE),"")) | C14: =IF(C13="","",IFERROR(VLOOKUP(TEXT(DATE(CONFIG!$B$1,$J$1,C13),"mm-dd"),LECTURAS!$A$2:$B$1000,2,FALSE),"")) | D14: =IF(D13="","",IFERROR(VLOOKUP(TEXT(DATE(CONFIG!$B$1,$J$1,D13),"mm-dd"),LECTURAS!$A$2:$B$1000,2,FALSE),"")) | E14: =IF(E13="","",IFERROR(VLOOKUP(TEXT(DATE(CONFIG!$B$1,$J$1,E13),"mm-dd"),LECTURAS!$A$2:$B$1000,2,FALSE),"")) | F14: =IF(F13="","",IFERROR(VLOOKUP(TEXT(DATE(CONFIG!$B$1,$J$1,F13),"mm-dd"),LECTURAS!$A$2:$B$1000,2,FALSE),"")) | G14: =IF(G13="","",IFERROR(VLOOKUP(TEXT(DATE(CONFIG!$B$1,$J$1,G13),"mm-dd"),LECTURAS!$A$2:$B$1000,2,FALSE),"")) | H14: 5

Sheet Noviembre
A1: Noviembre | J1: 11
A2: Domingo | B2: Lunes | C2: Martes | D2: Miércoles | E2: Jueves | F2: Viernes | G2: Sábado | J2: =DATE(CONFIG!$B$1,$J$1,1) -> 46327
A3: =IF((($H3*7 + COLUMN()-COLUMN($A$3)+1) - $J$3 + 1)<1,"",IF((($H3*7 + COLUMN()-COLUMN($A$3)+1) - $J$3 + 1)>$J$4,"",(($H3*7 + COLUMN()-COLUMN($A$3)+1) - $J$3 + 1))) -> 1 | B3: =IF((($H3*7 + COLUMN()-COLUMN($A$3)+1) - $J$3 + 1)<1,"",IF((($H3*7 + COLUMN()-COLUMN($A$3)+1) - $J$3 + 1)>$J$4,"",(($H3*7 + COLUMN()-COLUMN($A$3)+1) - $J$3 + 1))) -> 2 | C3: =IF((($H3*7 + COLUMN()-COLUMN($A$3)+1) - $J$3 + 1)<1,"",IF((($H3*7 + COLUMN()-COLUMN($A$3)+1) - $J$3 + 1)>$J$4,"",(($H3*7 + COLUMN()-COLUMN($A$3)+1) - $J$3 + 1))) -> 3 | D3: =IF((($H3*7 + COLUMN()-COLUMN($A$3)+1) - $J$3 + 1)<1,"",IF((($H3*7 + COLUMN()-COLUMN($A$3)+1) - $J$3 + 1)>$J$4,"",(($H3*7 + COLUMN()-COLUMN($A$3)+1) - $J$3 + 1))) -> 4 | E3: =IF((($H3*7 + COLUMN()-COLUMN($A$3)+1) - $J$3 + 1)<1,"",IF((($H3*7 + COLUMN()-COLUMN($A$3)+1) - $J$3 + 1)>$J$4,"",(($H3*7 + COLUMN()-COLUMN($A$3)+1) - $J$3 + 1))) -> 5 | F3: =IF((($H3*7 + COLUMN()-COLUMN($A$3)+1) - $J$3 + 1)<1,"",IF((($H3*7 + COLUMN()-COLUMN($A$3)+1) - $J$3 + 1)>$J$4,"",(($H3*7 + COLUMN()-COLUMN($A$3)+1) - $J$3 + 1))) -> 6 | G3: =IF((($H3*7 + COLUMN()-COLUMN($A$3)+1) - $J$3 + 1)<1,"",IF((($H3*7 + COLUMN()-COLUMN($A$3)+1) - $J$3 + 1)>$J$4,"",(($H3*7 + COLUMN()-COLUMN($A$3)+1) - $J$3 + 1))) -> 7 | H3: 0 | J3: =WEEKDAY($J$2,1) -> 1
A4: =IF(A3="","",IFERROR(VLOOKUP(TEXT(DATE(CONFIG!$B$1,$J$1,A3),"mm-dd"),LECTURAS!$A$2:$B$1000,2,FALSE),"")) -> 1 Pedro 2; Salmo 79–80 | B4: =IF(B3="","",IFERROR(VLOOKUP(TEXT(DATE(CONFIG!$B$1,$J$1,B3),"mm-dd"),LECTURAS!$A$2:$B$1000,2,FALSE),"")) -> 1 Pedro 3; Salmo 81–82 | C4: =IF(C3="","",IFERROR(VLOOKUP(TEXT(DATE(CONFIG!$B$1,$J$1,C3),"mm-dd"),LECTURAS!$A$2:$B$1000,2,FALSE),"")) -> 1 Pedro 4; Salmo 83–84 | D4: =IF(D3="","",IFERROR(VLOOKUP(TEXT(DATE(CONFIG!$B$1,$J$1,D3),"mm-dd"),LECTURAS!$A$2:$B$1000,2,FALSE),"")) -> 1 Pedro 5; 2 Pedro 1–3; Salmo 85 | E4: =IF(E3="","",IFERROR(VLOOKUP(TEXT(DATE(CONFIG!$B$1,$J$1,E3),"mm-dd"),LECTURAS!$A$2:$B$1000,2,FALSE),"")) -> Gálatas 1; Salmo 86–87 | F4: =IF(F3="","",IFERROR(VLOOKUP(TEXT(DATE(CONFIG!$B$1,$J$1,F3),"mm-dd"),LECTURAS!$A$2:$B$1000,2,FALSE),"")) -> Gálatas 2; Salmo 88–89 | G4: =IF(G3="","",IFERROR(VLOOKUP(TEXT(DATE(CONFIG!$B$1,$J$1,G3),"mm-dd"),LECTURAS!$A$2:$B$1000,2,FALSE),"")) -> Gálatas 3; Salmo 90–91 | H4: 0 | J4: =DAY(EOMONTH($J$2,0)) -> 30
A5: =IF((($H5*7 + COLUMN()-COLUMN($A$5)+1) - $J$3 + 1)<1,"",IF((($H5*7 + COLUMN()-COLUMN($A$5)+1) - $J$3 + 1)>$J$4,"",(($H5*7 + COLUMN()-COLUMN($A$5)+1) - $J$3 + 1))) -> 8 | B5: =IF((($H5*7 + COLUMN()-COLUMN($A$5)+1) - $J$3 + 1)<1,"",IF((($H5*7 + COLUMN()-COLUMN($A$5)+1) - $J$3 + 1)>$J$4,"",(($H5*7 + COLUMN()-COLUMN($A$5)+1) - $J$3 + 1))) -> 9 | C5: =IF((($H5*7 + COLUMN()-COLUMN($A$5)+1) - $J$3 + 1)<1,"",IF((($H5*7 + COLUMN()-COLUMN($A$5)+1) - $J$3 + 1)>$J$4,"",(($H5*7 + COLUMN()-COLUMN($A$5)+1) - $J$3 + 1))) -> 10 | D5: =IF((($H5*7 + COLUMN()-COLUMN($A$5)+1) - $J$3 + 1)<1,"",IF((($H5*7 + COLUMN()-COLUMN($A$5)+1) - $J$3 + 1)>$J$4,"",(($H5*7 + COLUMN()-COLUMN($A$5)+1) - $J$3 + 1))) -> 11 | E5: =IF((($H5*7 + COLUMN()-COLUMN($A$5)+1) - $J$3 + 1)<1,"",IF((($H5*7 + COLUMN()-COLUMN($A$5)+1) - $J$3 + 1)>$J$4,"",(($H5*7 + COLUMN()-COLUMN($A$5)+1) - $J$3 + 1))) -> 12 | F5: =IF((($H5*7 + COLUMN()-COLUMN($A$5)+1) - $J$3 + 1)<1,"",IF((($H5*7 + COLUMN()-COLUMN($A$5)+1) - $J$3 + 1)>$J$4,"",(($H5*7 + COLUMN()-COLUMN($A$5)+1) - $J$3 + 1))) -> 13 | G5: =IF((($H5*7 + COLUMN()-COLUMN($A$5)+1) - $J$3 + 1)<1,"",IF((($H5*7 + COLUMN()-COLUMN($A$5)+1) - $J$3 + 1)>$J$4,"",(($H5*7 + COLUMN()-COLUMN($A$5)+1) - $J$3 + 1))) -> 14 | H5: 1
A6: =IF(A5="","",IFERROR(VLOOKUP(TEXT(DATE(CONFIG!$B$1,$J$1,A5),"mm-dd"),LECTURAS!$A$2:$B$1000,2,FALSE),"")) -> Gálatas 4; Salmo 92–93 | B6: =IF(B5="","",IFERROR(VLOOKUP(TEXT(DATE(CONFIG!$B$1,$J$1,B5),"mm-dd"),LECTURAS!$A$2:$B$1000,2,FALSE),"")) -> Gálatas 5; Salmo 94–95 | C6: =IF(C5="","",IFERROR(VLOOKUP(TEXT(DATE(CONFIG!$B$1,$J$1,C5),"mm-dd"),LECTURAS!$A$2:$B$1000,2,FALSE),"")) -> Gálatas 6; Salmo 96–97 | D6: =IF(D5="","",IFERROR(VLOOKUP(TEXT(DATE(CONFIG!$B$1,$J$1,D5),"mm-dd"),LECTURAS!$A$2:$B$1000,2,FALSE),"")) -> Efesios 1–2; Salmo 98–100 | E6: =IF(E5="","",IFERROR(VLOOKUP(TEXT(DATE(CONFIG!$B$1,$J$1,E5),"mm-dd"),LECTURAS!$A$2:$B$1000,2,FALSE),"")) -> Efesios 3; Salmo 101–102 | F6: =IF(F5="","",IFERROR(VLOOKUP(TEXT(DATE(CONFIG!$B$1,$J$1,F5),"mm-dd"),LECTURAS!$A$2:$B$1000,2,FALSE),"")) -> Efesios 4; Salmo 103–104 | G6: =IF(G5="","",IFERROR(VLOOKUP(TEXT(DATE(CONFIG!$B$1,$J$1,G5),"mm-dd"),LECTURAS!$A$2:$B$1000,2,FALSE),"")) -> Efesios 5; Salmo 105–106 | H6: 1
A7: =IF((($H7*7 + COLUMN()-COLUMN($A$7)+1) - $J$3 + 1)<1,"",IF((($H7*7 + COLUMN()-COLUMN($A$7)+1) - $J$3 + 1)>$J$4,"",(($H7*7 + COLUMN()-COLUMN($A$7)+1) - $J$3 + 1))) -> 15 | B7: =IF((($H7*7 + COLUMN()-COLUMN($A$7)+1) - $J$3 + 1)<1,"",IF((($H7*7 + COLUMN()-COLUMN($A$7)+1) - $J$3 + 1)>$J$4,"",(($H7*7 + COLUMN()-COLUMN($A$7)+1) - $J$3 + 1))) -> 16 | C7: =IF((($H7*7 + COLUMN()-COLUMN($A$7)+1) - $J$3 + 1)<1,"",IF((($H7*7 + COLUMN()-COLUMN($A$7)+1) - $J$3 + 1)>$J$4,"",(($H7*7 + COLUMN()-COLUMN($A$7)+1) - $J$3 + 1))) -> 17 | D7: =IF((($H7*7 + COLUMN()-COLUMN($A$7)+1) - $J$3 + 1)<1,"",IF((($H7*7 + COLUMN()-COLUMN($A$7)+1) - $J$3 + 1)>$J$4,"",(($H7*7 + COLUMN()-COLUMN($A$7)+1) - $J$3 + 1))) -> 18 | E7: =IF((($H7*7 + COLUMN()-COLUMN($A$7)+1) - $J$3 + 1)<1,"",IF((($H7*7 + COLUMN()-COLUMN($A$7)+1) - $J$3 + 1)>$J$4,"",(($H7*7 + COLUMN()-COLUMN($A$7)+1) - $J$3 + 1))) -> 19 | F7: =IF((($H7*7 + COLUMN()-COLUMN($A$7)+1) - $J$3 + 1)<1,"",IF((($H7*7 + COLUMN()-COLUMN($A$7)+1) - $J$3 + 1)>$J$4,"",(($H7*7 + COLUMN()-COLUMN($A$7)+1) - $J$3 + 1))) -> 20 | G7: =IF((($H7*7 + COLUMN()-COLUMN($A$7)+1) - $J$3 + 1)<1,"",IF((($H7*7 + COLUMN()-COLUMN($A$7)+1) - $J$3 + 1)>$J$4,"",(($H7*7 + COLUMN()-COLUMN($A$7)+1) - $J$3 + 1))) -> 21 | H7: 2
A8: =IF(A7="","",IFERROR(VLOOKUP(TEXT(DATE(CONFIG!$B$1,$J$1,A7),"mm-dd"),LECTURAS!$A$2:$B$1000,2,FALSE),"")) -> Efesios 6; Salmo 107–108 | B8: =IF(B7="","",IFERROR(VLOOKUP(TEXT(DATE(CONFIG!$B$1,$J$1,B7),"mm-dd"),LECTURAS!$A$2:$B$1000,2,FALSE),"")) -> Filipenses 1; Salmo 109–110 | C8: =IF(C7="","",IFERROR(VLOOKUP(TEXT(DATE(CONFIG!$B$1,$J$1,C7),"mm-dd"),LECTURAS!$A$2:$B$1000,2,FALSE),"")) -> Filipenses 2; Salmo 111–112 | D8: =IF(D7="","",IFERROR(VLOOKUP(TEXT(DATE(CONFIG!$B$1,$J$1,D7),"mm-dd"),LECTURAS!$A$2:$B$1000,2,FALSE),"")) -> Filipenses 3–4; Colosenses 1–2; Salmo 113 | E8: =IF(E7="","",IFERROR(VLOOKUP(TEXT(DATE(CONFIG!$B$1,$J$1,E7),"mm-dd"),LECTURAS!$A$2:$B$1000,2,FALSE),"")) -> Colosenses 3; Salmo 114–115 | F8: =IF(F7="","",IFERROR(VLOOKUP(TEXT(DATE(CONFIG!$B$1,$J$1,F7),"mm-dd"),LECTURAS!$A$2:$B$1000,2,FALSE),"")) -> Colosenses 4; Salmo 116–117 | G8: =IF(G7="","",IFERROR(VLOOKUP(TEXT(DATE(CONFIG!$B$1,$J$1,G7),"mm-dd"),LECTURAS!$A$2:$B$1000,2,FALSE),"")) -> 1 Tesalonicenses 1–2; Salmo 118 | H8: 2
A9: =IF((($H9*7 + COLUMN()-COLUMN($A$9)+1) - $J$3 + 1)<1,"",IF((($H9*7 + COLUMN()-COLUMN($A$9)+1) - $J$3 + 1)>$J$4,"",(($H9*7 + COLUMN()-COLUMN($A$9)+1) - $J$3 + 1))) -> 22 | B9: =IF((($H9*7 + COLUMN()-COLUMN($A$9)+1) - $J$3 + 1)<1,"",IF((($H9*7 + COLUMN()-COLUMN($A$9)+1) - $J$3 + 1)>$J$4,"",(($H9*7 + COLUMN()-COLUMN($A$9)+1) - $J$3 + 1))) -> 23 | C9: =IF((($H9*7 + COLUMN()-COLUMN($A$9)+1) - $J$3 + 1)<1,"",IF((($H9*7 + COLUMN()-COLUMN($A$9)+1) - $J$3 + 1)>$J$4,"",(($H9*7 + COLUMN()-COLUMN($A$9)+1) - $J$3 + 1))) -> 24 | D9: =IF((($H9*7 + COLUMN()-COLUMN($A$9)+1) - $J$3 + 1)<1,"",IF((($H9*7 + COLUMN()-COLUMN($A$9)+1) - $J$3 + 1)>$J$4,"",(($H9*7 + COLUMN()-COLUMN($A$9)+1) - $J$3 + 1))) -> 25 | E9: =IF((($H9*7 + COLUMN()-COLUMN($A$9)+1) - $J$3 + 1)<1,"",IF((($H9*7 + COLUMN()-COLUMN($A$9)+1) - $J$3 + 1)>$J$4,"",(($H9*7 + COLUMN()-COLUMN($A$9)+1) - $J$3 + 1))) -> 26 | F9: =IF((($H9*7 + COLUMN()-COLUMN($A$9)+1) - $J$3 + 1)<1,"",IF((($H9*7 + COLUMN()-COLUMN($A$9)+1) - $J$3 + 1)>$J$4,"",(($H9*7 + COLUMN()-COLUMN($A$9)+1) - $J$3 + 1))) -> 27 | G9: =IF((($H9*7 + COLUMN()-COLUMN($A$9)+1) - $J$3 + 1)<1,"",IF((($H9*7 + COLUMN()-COLUMN($A$9)+1) - $J$3 + 1)>$J$4,"",(($H9*7 + COLUMN()-COLUMN($A$9)+1) - $J$3 + 1))) -> 28 | H9: 3
A10: =IF(A9="","",IFERROR(VLOOKUP(TEXT(DATE(CONFIG!$B$1,$J$1,A9),"mm-dd"),LECTURAS!$A$2:$B$1000,2,FALSE),"")) -> 1 Tesalonicenses 3; Salmo 119:1–48 | B10: =IF(B9="","",IFERROR(VLOOKUP(TEXT(DATE(CONFIG!$B$1,$J$1,B9),"mm-dd"),LECTURAS!$A$2:$B$1000,2,FALSE),"")) -> 1 Tesalonicenses 4; Salmo 119:49–112 | C10: =IF(C9="","",IFERROR(VLOOKUP(TEXT(DATE(CONFIG!$B$1,$J$1,C9),"mm-dd"),LECTURAS!$A$2:$B$1000,2,FALSE),"")) -> 1 Tesalonicenses 5; Salmo 119:113–176 | D10: =IF(D9="","",IFERROR(VLOOKUP(TEXT(DATE(CONFIG!$B$1,$J$1,D9),"mm-dd"),LECTURAS!$A$2:$B$1000,2,FALSE),"")) -> 2 Tesalonicenses 1–3; Salmo 120 | E10: =IF(E9="","",IFERROR(VLOOKUP(TEXT(DATE(CONFIG!$B$1,$J$1,E9),"mm-dd"),LECTURAS!$A$2:$B$1000,2,FALSE),"")) -> Santiago 1; Salmo 121–122 | F10: =IF(F9="","",IFERROR(VLOOKUP(TEXT(DATE(CONFIG!$B$1,$J$1,F9),"mm-dd"),LECTURAS!$A$2:$B$1000,2,FALSE),"")) -> Santiago 2; Salmo 123–124 | G10: =IF(G9="","",IFERROR(VLOOKUP(TEXT(DATE(CONFIG!$B$1,$J$1,G9),"mm-dd"),LECTURAS!$A$2:$B$1000,2,FALSE),"")) -> Santiago 3; Salmo 125–126 | H10: 3
A11: =IF((($H11*7 + COLUMN()-COLUMN($A$11)+1) - $J$3 + 1)<1,"",IF((($H11*7 + COLUMN()-COLUMN($A$11)+1) - $J$3 + 1)>$J$4,"",(($H11*7 + COLUMN()-COLUMN($A$11)+1) - $J$3 + 1))) -> 29 | B11: =IF((($H11*7 + COLUMN()-COLUMN($A$11)+1) - $J$3 + 1)<1,"",IF((($H11*7 + COLUMN()-COLUMN($A$11)+1) - $J$3 + 1)>$J$4,"",(($H11*7 + COLUMN()-COLUMN($A$11)+1) - $J$3 + 1))) -> 30 | C11: =IF((($H11*7 + COLUMN()-COLUMN($A$11)+1) - $J$3 + 1)<1,"",IF((($H11*7 + COLUMN()-COLUMN($A$11)+1) - $J$3 + 1)>$J$4,"",(($H11*7 + COLUMN()-COLUMN($A$11)+1) - $J$3 + 1))) | D11: =IF((($H11*7 + COLUMN()-COLUMN($A$11)+1) - $J$3 + 1)<1,"",IF((($H11*7 + COLUMN()-COLUMN($A$11)+1) - $J$3 + 1)>$J$4,"",(($H11*7 + COLUMN()-COLUMN($A$11)+1) - $J$3 + 1))) | E11: =IF((($H11*7 + COLUMN()-COLUMN($A$11)+1) - $J$3 + 1)<1,"",IF((($H11*7 + COLUMN()-COLUMN($A$11)+1) - $J$3 + 1)>$J$4,"",(($H11*7 + COLUMN()-COLUMN($A$11)+1) - $J$3 + 1))) | F11: =IF((($H11*7 + COLUMN()-COLUMN($A$11)+1) - $J$3 + 1)<1,"",IF((($H11*7 + COLUMN()-COLUMN($A$11)+1) - $J$3 + 1)>$J$4,"",(($H11*7 + COLUMN()-COLUMN($A$11)+1) - $J$3 + 1))) | G11: =IF((($H11*7 + COLUMN()-COLUMN($A$11)+1) - $J$3 + 1)<1,"",IF((($H11*7 + COLUMN()-COLUMN($A$11)+1) - $J$3 + 1)>$J$4,"",(($H11*7 + COLUMN()-COLUMN($A$11)+1) - $J$3 + 1))) | H11: 4
A12: =IF(A11="","",IFERROR(VLOOKUP(TEXT(DATE(CONFIG!$B$1,$J$1,A11),"mm-dd"),LECTURAS!$A$2:$B$1000,2,FALSE),"")) -> Santiago 4; Salmo 127–128 | B12: =IF(B11="","",IFERROR(VLOOKUP(TEXT(DATE(CONFIG!$B$1,$J$1,B11),"mm-dd"),LECTURAS!$A$2:$B$1000,2,FALSE),"")) -> Santiago 5; Salmo 129–130 | C12: =IF(C11="","",IFERROR(VLOOKUP(TEXT(DATE(CONFIG!$B$1,$J$1,C11),"mm-dd"),LECTURAS!$A$2:$B$1000,2,FALSE),"")) | D12: =IF(D11="","",IFERROR(VLOOKUP(TEXT(DATE(CONFIG!$B$1,$J$1,D11),"mm-dd"),LECTURAS!$A$2:$B$1000,2,FALSE),"")) | E12: =IF(E11="","",IFERROR(VLOOKUP(TEXT(DATE(CONFIG!$B$1,$J$1,E11),"mm-dd"),LECTURAS!$A$2:$B$1000,2,FALSE),"")) | F12: =IF(F11="","",IFERROR(VLOOKUP(TEXT(DATE(CONFIG!$B$1,$J$1,F11),"mm-dd"),LECTURAS!$A$2:$B$1000,2,FALSE),"")) | G12: =IF(G11="","",IFERROR(VLOOKUP(TEXT(DATE(CONFIG!$B$1,$J$1,G11),"mm-dd"),LECTURAS!$A$2:$B$1000,2,FALSE),"")) | H12: 4
A13: =IF((($H13*7 + COLUMN()-COLUMN($A$13)+1) - $J$3 + 1)<1,"",IF((($H13*7 + COLUMN()-COLUMN($A$13)+1) - $J$3 + 1)>$J$4,"",(($H13*7 + COLUMN()-COLUMN($A$13)+1) - $J$3 + 1))) | B13: =IF((($H13*7 + COLUMN()-COLUMN($A$13)+1) - $J$3 + 1)<1,"",IF((($H13*7 + COLUMN()-COLUMN($A$13)+1) - $J$3 + 1)>$J$4,"",(($H13*7 + COLUMN()-COLUMN($A$13)+1) - $J$3 + 1))) | C13: =IF((($H13*7 + COLUMN()-COLUMN($A$13)+1) - $J$3 + 1)<1,"",IF((($H13*7 + COLUMN()-COLUMN($A$13)+1) - $J$3 + 1)>$J$4,"",(($H13*7 + COLUMN()-COLUMN($A$13)+1) - $J$3 + 1))) | D13: =IF((($H13*7 + COLUMN()-COLUMN($A$13)+1) - $J$3 + 1)<1,"",IF((($H13*7 + COLUMN()-COLUMN($A$13)+1) - $J$3 + 1)>$J$4,"",(($H13*7 + COLUMN()-COLUMN($A$13)+1) - $J$3 + 1))) | E13: =IF((($H13*7 + COLUMN()-COLUMN($A$13)+1) - $J$3 + 1)<1,"",IF((($H13*7 + COLUMN()-COLUMN($A$13)+1) - $J$3 + 1)>$J$4,"",(($H13*7 + COLUMN()-COLUMN($A$13)+1) - $J$3 + 1))) | F13: =IF((($H13*7 + COLUMN()-COLUMN($A$13)+1) - $J$3 + 1)<1,"",IF((($H13*7 + COLUMN()-COLUMN($A$13)+1) - $J$3 + 1)>$J$4,"",(($H13*7 + COLUMN()-COLUMN($A$13)+1) - $J$3 + 1))) | G13: =IF((($H13*7 + COLUMN()-COLUMN($A$13)+1) - $J$3 + 1)<1,"",IF((($H13*7 + COLUMN()-COLUMN($A$13)+1) - $J$3 + 1)>$J$4,"",(($H13*7 + COLUMN()-COLUMN($A$13)+1) - $J$3 + 1))) | H13: 5
A14: =IF(A13="","",IFERROR(VLOOKUP(TEXT(DATE(CONFIG!$B$1,$J$1,A13),"mm-dd"),LECTURAS!$A$2:$B$1000,2,FALSE),"")) | B14: =IF(B13="","",IFERROR(VLOOKUP(TEXT(DATE(CONFIG!$B$1,$J$1,B13),"mm-dd"),LECTURAS!$A$2:$B$1000,2,FALSE),"")) | C14: =IF(C13="","",IFERROR(VLOOKUP(TEXT(DATE(CONFIG!$B$1,$J$1,C13),"mm-dd"),LECTURAS!$A$2:$B$1000,2,FALSE),"")) | D14: =IF(D13="","",IFERROR(VLOOKUP(TEXT(DATE(CONFIG!$B$1,$J$1,D13),"mm-dd"),LECTURAS!$A$2:$B$1000,2,FALSE),"")) | E14: =IF(E13="","",IFERROR(VLOOKUP(TEXT(DATE(CONFIG!$B$1,$J$1,E13),"mm-dd"),LECTURAS!$A$2:$B$1000,2,FALSE),"")) | F14: =IF(F13="","",IFERROR(VLOOKUP(TEXT(DATE(CONFIG!$B$1,$J$1,F13),"mm-dd"),LECTURAS!$A$2:$B$1000,2,FALSE),"")) | G14: =IF(G13="","",IFERROR(VLOOKUP(TEXT(DATE(CONFIG!$B$1,$J$1,G13),"mm-dd"),LECTURAS!$A$2:$B$1000,2,FALSE),"")) | H14: 5

Sheet Diciembre
A1: Diciembre | J1: 12
A2: Domingo | B2: Lunes | C2: Martes | D2: Miércoles | E2: Jueves | F2: Viernes | G2: Sábado | J2: =DATE(CONFIG!$B$1,$J$1,1) -> 46357
A3: =IF((($H3*7 + COLUMN()-COLUMN($A$3)+1) - $J$3 + 1)<1,"",IF((($H3*7 + COLUMN()-COLUMN($A$3)+1) - $J$3 + 1)>$J$4,"",(($H3*7 + COLUMN()-COLUMN($A$3)+1) - $J$3 + 1))) | B3: =IF((($H3*7 + COLUMN()-COLUMN($A$3)+1) - $J$3 + 1)<1,"",IF((($H3*7 + COLUMN()-COLUMN($A$3)+1) - $J$3 + 1)>$J$4,"",(($H3*7 + COLUMN()-COLUMN($A$3)+1) - $J$3 + 1))) | C3: =IF((($H3*7 + COLUMN()-COLUMN($A$3)+1) - $J$3 + 1)<1,"",IF((($H3*7 + COLUMN()-COLUMN($A$3)+1) - $J$3 + 1)>$J$4,"",(($H3*7 + COLUMN()-COLUMN($A$3)+1) - $J$3 + 1))) -> 1 | D3: =IF((($H3*7 + COLUMN()-COLUMN($A$3)+1) - $J$3 + 1)<1,"",IF((($H3*7 + COLUMN()-COLUMN($A$3)+1) - $J$3 + 1)>$J$4,"",(($H3*7 + COLUMN()-COLUMN($A$3)+1) - $J$3 + 1))) -> 2 | E3: =IF((($H3*7 + COLUMN()-COLUMN($A$3)+1) - $J$3 + 1)<1,"",IF((($H3*7 + COLUMN()-COLUMN($A$3)+1) - $J$3 + 1)>$J$4,"",(($H3*7 + COLUMN()-COLUMN($A$3)+1) - $J$3 + 1))) -> 3 | F3: =IF((($H3*7 + COLUMN()-COLUMN($A$3)+1) - $J$3 + 1)<1,"",IF((($H3*7 + COLUMN()-COLUMN($A$3)+1) - $J$3 + 1)>$J$4,"",(($H3*7 + COLUMN()-COLUMN($A$3)+1) - $J$3 + 1))) -> 4 | G3: =IF((($H3*7 + COLUMN()-COLUMN($A$3)+1) - $J$3 + 1)<1,"",IF((($H3*7 + COLUMN()-COLUMN($A$3)+1) - $J$3 + 1)>$J$4,"",(($H3*7 + COLUMN()-COLUMN($A$3)+1) - $J$3 + 1))) -> 5 | H3: 0 | J3: =WEEKDAY($J$2,1) -> 3
A4: =IF(A3="","",IFERROR(VLOOKUP(TEXT(DATE(CONFIG!$B$1,$J$1,A3),"mm-dd"),LECTURAS!$A$2:$B$1000,2,FALSE),"")) | B4: =IF(B3="","",IFERROR(VLOOKUP(TEXT(DATE(CONFIG!$B$1,$J$1,B3),"mm-dd"),LECTURAS!$A$2:$B$1000,2,FALSE),"")) | C4: =IF(C3="","",IFERROR(VLOOKUP(TEXT(DATE(CONFIG!$B$1,$J$1,C3),"mm-dd"),LECTURAS!$A$2:$B$1000,2,FALSE),"")) -> Filemón; Salmo 131–132 | D4: =IF(D3="","",IFERROR(VLOOKUP(TEXT(DATE(CONFIG!$B$1,$J$1,D3),"mm-dd"),LECTURAS!$A$2:$B$1000,2,FALSE),"")) -> 1 Timoteo 1–3; Salmo 133–134 | E4: =IF(E3="","",IFERROR(VLOOKUP(TEXT(DATE(CONFIG!$B$1,$J$1,E3),"mm-dd"),LECTURAS!$A$2:$B$1000,2,FALSE),"")) -> 1 Timoteo 4; Salmo 135–136 | F4: =IF(F3="","",IFERROR(VLOOKUP(TEXT(DATE(CONFIG!$B$1,$J$1,F3),"mm-dd"),LECTURAS!$A$2:$B$1000,2,FALSE),"")) -> 1 Timoteo 5; Salmo 137–138 | G4: =IF(G3="","",IFERROR(VLOOKUP(TEXT(DATE(CONFIG!$B$1,$J$1,G3),"mm-dd"),LECTURAS!$A$2:$B$1000,2,FALSE),"")) -> 1 Timoteo 6; Salmo 139–140 | H4: 0 | J4: =DAY(EOMONTH($J$2,0)) -> 31
A5: =IF((($H5*7 + COLUMN()-COLUMN($A$5)+1) - $J$3 + 1)<1,"",IF((($H5*7 + COLUMN()-COLUMN($A$5)+1) - $J$3 + 1)>$J$4,"",(($H5*7 + COLUMN()-COLUMN($A$5)+1) - $J$3 + 1))) -> 6 | B5: =IF((($H5*7 + COLUMN()-COLUMN($A$5)+1) - $J$3 + 1)<1,"",IF((($H5*7 + COLUMN()-COLUMN($A$5)+1) - $J$3 + 1)>$J$4,"",(($H5*7 + COLUMN()-COLUMN($A$5)+1) - $J$3 + 1))) -> 7 | C5: =IF((($H5*7 + COLUMN()-COLUMN($A$5)+1) - $J$3 + 1)<1,"",IF((($H5*7 + COLUMN()-COLUMN($A$5)+1) - $J$3 + 1)>$J$4,"",(($H5*7 + COLUMN()-COLUMN($A$5)+1) - $J$3 + 1))) -> 8 | D5: =IF((($H5*7 + COLUMN()-COLUMN($A$5)+1) - $J$3 + 1)<1,"",IF((($H5*7 + COLUMN()-COLUMN($A$5)+1) - $J$3 + 1)>$J$4,"",(($H5*7 + COLUMN()-COLUMN($A$5)+1) - $J$3 + 1))) -> 9 | E5: =IF((($H5*7 + COLUMN()-COLUMN($A$5)+1) - $J$3 + 1)<1,"",IF((($H5*7 + COLUMN()-COLUMN($A$5)+1) - $J$3 + 1)>$J$4,"",(($H5*7 + COLUMN()-COLUMN($A$5)+1) - $J$3 + 1))) -> 10 | F5: =IF((($H5*7 + COLUMN()-COLUMN($A$5)+1) - $J$3 + 1)<1,"",IF((($H5*7 + COLUMN()-COLUMN($A$5)+1) - $J$3 + 1)>$J$4,"",(($H5*7 + COLUMN()-COLUMN($A$5)+1) - $J$3 + 1))) -> 11 | G5: =IF((($H5*7 + COLUMN()-COLUMN($A$5)+1) - $J$3 + 1)<1,"",IF((($H5*7 + COLUMN()-COLUMN($A$5)+1) - $J$3 + 1)>$J$4,"",(($H5*7 + COLUMN()-COLUMN($A$5)+1) - $J$3 + 1))) -> 12 | H5: 1
A6: =IF(A5="","",IFERROR(VLOOKUP(TEXT(DATE(CONFIG!$B$1,$J$1,A5),"mm-dd"),LECTURAS!$A$2:$B$1000,2,FALSE),"")) -> 2 Timoteo 1; Salmo 141–142 | B6: =IF(B5="","",IFERROR(VLOOKUP(TEXT(DATE(CONFIG!$B$1,$J$1,B5),"mm-dd"),LECTURAS!$A$2:$B$1000,2,FALSE),"")) -> 2 Timoteo 2; Salmo 143–144 | C6: =IF(C5="","",IFERROR(VLOOKUP(TEXT(DATE(CONFIG!$B$1,$J$1,C5),"mm-dd"),LECTURAS!$A$2:$B$1000,2,FALSE),"")) -> 2 Timoteo 3–4; Salmo 145 | D6: =IF(D5="","",IFERROR(VLOOKUP(TEXT(DATE(CONFIG!$B$1,$J$1,D5),"mm-dd"),LECTURAS!$A$2:$B$1000,2,FALSE),"")) -> Tito 1–3; Salmo 146–147 | E6: =IF(E5="","",IFERROR(VLOOKUP(TEXT(DATE(CONFIG!$B$1,$J$1,E5),"mm-dd"),LECTURAS!$A$2:$B$1000,2,FALSE),"")) -> 1 Juan 1–2; Salmo 148 | F6: =IF(F5="","",IFERROR(VLOOKUP(TEXT(DATE(CONFIG!$B$1,$J$1,F5),"mm-dd"),LECTURAS!$A$2:$B$1000,2,FALSE),"")) -> 1 Juan 3–4; Salmo 149 | G6: =IF(G5="","",IFERROR(VLOOKUP(TEXT(DATE(CONFIG!$B$1,$J$1,G5),"mm-dd"),LECTURAS!$A$2:$B$1000,2,FALSE),"")) -> 1 Juan 5; 2 Juan; Salmo 150 | H6: 1
A7: =IF((($H7*7 + COLUMN()-COLUMN($A$7)+1) - $J$3 + 1)<1,"",IF((($H7*7 + COLUMN()-COLUMN($A$7)+1) - $J$3 + 1)>$J$4,"",(($H7*7 + COLUMN()-COLUMN($A$7)+1) - $J$3 + 1))) -> 13 | B7: =IF((($H7*7 + COLUMN()-COLUMN($A$7)+1) - $J$3 + 1)<1,"",IF((($H7*7 + COLUMN()-COLUMN($A$7)+1) - $J$3 + 1)>$J$4,"",(($H7*7 + COLUMN()-COLUMN($A$7)+1) - $J$3 + 1))) -> 14 | C7: =IF((($H7*7 + COLUMN()-COLUMN($A$7)+1) - $J$3 + 1)<1,"",IF((($H7*7 + COLUMN()-COLUMN($A$7)+1) - $J$3 + 1)>$J$4,"",(($H7*7 + COLUMN()-COLUMN($A$7)+1) - $J$3 + 1))) -> 15 | D7: =IF((($H7*7 + COLUMN()-COLUMN($A$7)+1) - $J$3 + 1)<1,"",IF((($H7*7 + COLUMN()-COLUMN($A$7)+1) - $J$3 + 1)>$J$4,"",(($H7*7 + COLUMN()-COLUMN($A$7)+1) - $J$3 + 1))) -> 16 | E7: =IF((($H7*7 + COLUMN()-COLUMN($A$7)+1) - $J$3 + 1)<1,"",IF((($H7*7 + COLUMN()-COLUMN($A$7)+1) - $J$3 + 1)>$J$4,"",(($H7*7 + COLUMN()-COLUMN($A$7)+1) - $J$3 + 1))) -> 17 | F7: =IF((($H7*7 + COLUMN()-COLUMN($A$7)+1) - $J$3 + 1)<1,"",IF((($H7*7 + COLUMN()-COLUMN($A$7)+1) - $J$3 + 1)>$J$4,"",(($H7*7 + COLUMN()-COLUMN($A$7)+1) - $J$3 + 1))) -> 18 | G7: =IF((($H7*7 + COLUMN()-COLUMN($A$7)+1) - $J$3 + 1)<1,"",IF((($H7*7 + COLUMN()-COLUMN($A$7)+1) - $J$3 + 1)>$J$4,"",(($H7*7 + COLUMN()-COLUMN($A$7)+1) - $J$3 + 1))) -> 19 | H7: 2
A8: =IF(A7="","",IFERROR(VLOOKUP(TEXT(DATE(CONFIG!$B$1,$J$1,A7),"mm-dd"),LECTURAS!$A$2:$B$1000,2,FALSE),"")) -> 3 Juan; Judas; Lucas 1 | B8: =IF(B7="","",IFERROR(VLOOKUP(TEXT(DATE(CONFIG!$B$1,$J$1,B7),"mm-dd"),LECTURAS!$A$2:$B$1000,2,FALSE),"")) -> Lucas 2–3; Apocalipsis 1 | C8: =IF(C7="","",IFERROR(VLOOKUP(TEXT(DATE(CONFIG!$B$1,$J$1,C7),"mm-dd"),LECTURAS!$A$2:$B$1000,2,FALSE),"")) -> Lucas 4; Apocalipsis 2–3 | D8: =IF(D7="","",IFERROR(VLOOKUP(TEXT(DATE(CONFIG!$B$1,$J$1,D7),"mm-dd"),LECTURAS!$A$2:$B$1000,2,FALSE),"")) -> Lucas 5–7; Apocalipsis 4–5 | E8: =IF(E7="","",IFERROR(VLOOKUP(TEXT(DATE(CONFIG!$B$1,$J$1,E7),"mm-dd"),LECTURAS!$A$2:$B$1000,2,FALSE),"")) -> Lucas 8–9; Apocalipsis 6 | F8: =IF(F7="","",IFERROR(VLOOKUP(TEXT(DATE(CONFIG!$B$1,$J$1,F7),"mm-dd"),LECTURAS!$A$2:$B$1000,2,FALSE),"")) -> Lucas 10–11; Apocalipsis 7 | G8: =IF(G7="","",IFERROR(VLOOKUP(TEXT(DATE(CONFIG!$B$1,$J$1,G7),"mm-dd"),LECTURAS!$A$2:$B$1000,2,FALSE),"")) -> Lucas 12; Apocalipsis 8–9 | H8: 2
A9: =IF((($H9*7 + COLUMN()-COLUMN($A$9)+1) - $J$3 + 1)<1,"",IF((($H9*7 + COLUMN()-COLUMN($A$9)+1) - $J$3 + 1)>$J$4,"",(($H9*7 + COLUMN()-COLUMN($A$9)+1) - $J$3 + 1))) -> 20 | B9: =IF((($H9*7 + COLUMN()-COLUMN($A$9)+1) - $J$3 + 1)<1,"",IF((($H9*7 + COLUMN()-COLUMN($A$9)+1) - $J$3 + 1)>$J$4,"",(($H9*7 + COLUMN()-COLUMN($A$9)+1) - $J$3 + 1))) -> 21 | C9: =IF((($H9*7 + COLUMN()-COLUMN($A$9)+1) - $J$3 + 1)<1,"",IF((($H9*7 + COLUMN()-COLUMN($A$9)+1) - $J$3 + 1)>$J$4,"",(($H9*7 + COLUMN()-COLUMN($A$9)+1) - $J$3 + 1))) -> 22 | D9: =IF((($H9*7 + COLUMN()-COLUMN($A$9)+1) - $J$3 + 1)<1,"",IF((($H9*7 + COLUMN()-COLUMN($A$9)+1) - $J$3 + 1)>$J$4,"",(($H9*7 + COLUMN()-COLUMN($A$9)+1) - $J$3 + 1))) -> 23 | E9: =IF((($H9*7 + COLUMN()-COLUMN($A$9)+1) - $J$3 + 1)<1,"",IF((($H9*7 + COLUMN()-COLUMN($A$9)+1) - $J$3 + 1)>$J$4,"",(($H9*7 + COLUMN()-COLUMN($A$9)+1) - $J$3 + 1))) -> 24 | F9: =IF((($H9*7 + COLUMN()-COLUMN($A$9)+1) - $J$3 + 1)<1,"",IF((($H9*7 + COLUMN()-COLUMN($A$9)+1) - $J$3 + 1)>$J$4,"",(($H9*7 + COLUMN()-COLUMN($A$9)+1) - $J$3 + 1))) -> 25 | G9: =IF((($H9*7 + COLUMN()-COLUMN($A$9)+1) - $J$3 + 1)<1,"",IF((($H9*7 + COLUMN()-COLUMN($A$9)+1) - $J$3 + 1)>$J$4,"",(($H9*7 + COLUMN()-COLUMN($A$9)+1) - $J$3 + 1))) -> 26 | H9: 3
A10: =IF(A9="","",IFERROR(VLOOKUP(TEXT(DATE(CONFIG!$B$1,$J$1,A9),"mm-dd"),LECTURAS!$A$2:$B$1000,2,FALSE),"")) -> Lucas 13–14; Apocalipsis 10 | B10: =IF(B9="","",IFERROR(VLOOKUP(TEXT(DATE(CONFIG!$B$1,$J$1,B9),"mm-dd"),LECTURAS!$A$2:$B$1000,2,FALSE),"")) -> Lucas 15–16; Apocalipsis 11 | C10: =IF(C9="","",IFERROR(VLOOKUP(TEXT(DATE(CONFIG!$B$1,$J$1,C9),"mm-dd"),LECTURAS!$A$2:$B$1000,2,FALSE),"")) -> Lucas 17–18; Apocalipsis 12 | D10: =IF(D9="","",IFERROR(VLOOKUP(TEXT(DATE(CONFIG!$B$1,$J$1,D9),"mm-dd"),LECTURAS!$A$2:$B$1000,2,FALSE),"")) -> Lucas 19; Apocalipsis 13–14 | E10: =IF(E9="","",IFERROR(VLOOKUP(TEXT(DATE(CONFIG!$B$1,$J$1,E9),"mm-dd"),LECTURAS!$A$2:$B$1000,2,FALSE),"")) -> Lucas 20; Apocalipsis 15 | F10: =IF(F9="","",IFERROR(VLOOKUP(TEXT(DATE(CONFIG!$B$1,$J$1,F9),"mm-dd"),LECTURAS!$A$2:$B$1000,2,FALSE),"")) -> Lucas 21; Apocalipsis 16 | G10: =IF(G9="","",IFERROR(VLOOKUP(TEXT(DATE(CONFIG!$B$1,$J$1,G9),"mm-dd"),LECTURAS!$A$2:$B$1000,2,FALSE),"")) -> Lucas 22; Apocalipsis 17 | H10: 3
A11: =IF((($H11*7 + COLUMN()-COLUMN($A$11)+1) - $J$3 + 1)<1,"",IF((($H11*7 + COLUMN()-COLUMN($A$11)+1) - $J$3 + 1)>$J$4,"",(($H11*7 + COLUMN()-COLUMN($A$11)+1) - $J$3 + 1))) -> 27 | B11: =IF((($H11*7 + COLUMN()-COLUMN($A$11)+1) - $J$3 + 1)<1,"",IF((($H11*7 + COLUMN()-COLUMN($A$11)+1) - $J$3 + 1)>$J$4,"",(($H11*7 + COLUMN()-COLUMN($A$11)+1) - $J$3 + 1))) -> 28 | C11: =IF((($H11*7 + COLUMN()-COLUMN($A$11)+1) - $J$3 + 1)<1,"",IF((($H11*7 + COLUMN()-COLUMN($A$11)+1) - $J$3 + 1)>$J$4,"",(($H11*7 + COLUMN()-COLUMN($A$11)+1) - $J$3 + 1))) -> 29 | D11: =IF((($H11*7 + COLUMN()-COLUMN($A$11)+1) - $J$3 + 1)<1,"",IF((($H11*7 + COLUMN()-COLUMN($A$11)+1) - $J$3 + 1)>$J$4,"",(($H11*7 + COLUMN()-COLUMN($A$11)+1) - $J$3 + 1))) -> 30 | E11: =IF((($H11*7 + COLUMN()-COLUMN($A$11)+1) - $J$3 + 1)<1,"",IF((($H11*7 + COLUMN()-COLUMN($A$11)+1) - $J$3 + 1)>$J$4,"",(($H11*7 + COLUMN()-COLUMN($A$11)+1) - $J$3 + 1))) -> 31 | F11: =IF((($H11*7 + COLUMN()-COLUMN($A$11)+1) - $J$3 + 1)<1,"",IF((($H11*7 + COLUMN()-COLUMN($A$11)+1) - $J$3 + 1)>$J$4,"",(($H11*7 + COLUMN()-COLUMN($A$11)+1) - $J$3 + 1))) | G11: =IF((($H11*7 + COLUMN()-COLUMN($A$11)+1) - $J$3 + 1)<1,"",IF((($H11*7 + COLUMN()-COLUMN($A$11)+1) - $J$3 + 1)>$J$4,"",(($H11*7 + COLUMN()-COLUMN($A$11)+1) - $J$3 + 1))) | H11: 4
A12: =IF(A11="","",IFERROR(VLOOKUP(TEXT(DATE(CONFIG!$B$1,$J$1,A11),"mm-dd"),LECTURAS!$A$2:$B$1000,2,FALSE),"")) -> Lucas 23; Apocalipsis 18 | B12: =IF(B11="","",IFERROR(VLOOKUP(TEXT(DATE(CONFIG!$B$1,$J$1,B11),"mm-dd"),LECTURAS!$A$2:$B$1000,2,FALSE),"")) -> Lucas 24; Apocalipsis 19 | C12: =IF(C11="","",IFERROR(VLOOKUP(TEXT(DATE(CONFIG!$B$1,$J$1,C11),"mm-dd"),LECTURAS!$A$2:$B$1000,2,FALSE),"")) -> Apocalipsis 20 | D12: =IF(D11="","",IFERROR(VLOOKUP(TEXT(DATE(CONFIG!$B$1,$J$1,D11),"mm-dd"),LECTURAS!$A$2:$B$1000,2,FALSE),"")) -> Apocalipsis 21 | E12: =IF(E11="","",IFERROR(VLOOKUP(TEXT(DATE(CONFIG!$B$1,$J$1,E11),"mm-dd"),LECTURAS!$A$2:$B$1000,2,FALSE),"")) -> Apocalipsis 22 | F12: =IF(F11="","",IFERROR(VLOOKUP(TEXT(DATE(CONFIG!$B$1,$J$1,F11),"mm-dd"),LECTURAS!$A$2:$B$1000,2,FALSE),"")) | G12: =IF(G11="","",IFERROR(VLOOKUP(TEXT(DATE(CONFIG!$B$1,$J$1,G11),"mm-dd"),LECTURAS!$A$2:$B$1000,2,FALSE),"")) | H12: 4
A13: =IF((($H13*7 + COLUMN()-COLUMN($A$13)+1) - $J$3 + 1)<1,"",IF((($H13*7 + COLUMN()-COLUMN($A$13)+1) - $J$3 + 1)>$J$4,"",(($H13*7 + COLUMN()-COLUMN($A$13)+1) - $J$3 + 1))) | B13: =IF((($H13*7 + COLUMN()-COLUMN($A$13)+1) - $J$3 + 1)<1,"",IF((($H13*7 + COLUMN()-COLUMN($A$13)+1) - $J$3 + 1)>$J$4,"",(($H13*7 + COLUMN()-COLUMN($A$13)+1) - $J$3 + 1))) | C13: =IF((($H13*7 + COLUMN()-COLUMN($A$13)+1) - $J$3 + 1)<1,"",IF((($H13*7 + COLUMN()-COLUMN($A$13)+1) - $J$3 + 1)>$J$4,"",(($H13*7 + COLUMN()-COLUMN($A$13)+1) - $J$3 + 1))) | D13: =IF((($H13*7 + COLUMN()-COLUMN($A$13)+1) - $J$3 + 1)<1,"",IF((($H13*7 + COLUMN()-COLUMN($A$13)+1) - $J$3 + 1)>$J$4,"",(($H13*7 + COLUMN()-COLUMN($A$13)+1) - $J$3 + 1))) | E13: =IF((($H13*7 + COLUMN()-COLUMN($A$13)+1) - $J$3 + 1)<1,"",IF((($H13*7 + COLUMN()-COLUMN($A$13)+1) - $J$3 + 1)>$J$4,"",(($H13*7 + COLUMN()-COLUMN($A$13)+1) - $J$3 + 1))) | F13: =IF((($H13*7 + COLUMN()-COLUMN($A$13)+1) - $J$3 + 1)<1,"",IF((($H13*7 + COLUMN()-COLUMN($A$13)+1) - $J$3 + 1)>$J$4,"",(($H13*7 + COLUMN()-COLUMN($A$13)+1) - $J$3 + 1))) | G13: =IF((($H13*7 + COLUMN()-COLUMN($A$13)+1) - $J$3 + 1)<1,"",IF((($H13*7 + COLUMN()-COLUMN($A$13)+1) - $J$3 + 1)>$J$4,"",(($H13*7 + COLUMN()-COLUMN($A$13)+1) - $J$3 + 1))) | H13: 5
A14: =IF(A13="","",IFERROR(VLOOKUP(TEXT(DATE(CONFIG!$B$1,$J$1,A13),"mm-dd"),LECTURAS!$A$2:$B$1000,2,FALSE),"")) | B14: =IF(B13="","",IFERROR(VLOOKUP(TEXT(DATE(CONFIG!$B$1,$J$1,B13),"mm-dd"),LECTURAS!$A$2:$B$1000,2,FALSE),"")) | C14: =IF(C13="","",IFERROR(VLOOKUP(TEXT(DATE(CONFIG!$B$1,$J$1,C13),"mm-dd"),LECTURAS!$A$2:$B$1000,2,FALSE),"")) | D14: =IF(D13="","",IFERROR(VLOOKUP(TEXT(DATE(CONFIG!$B$1,$J$1,D13),"mm-dd"),LECTURAS!$A$2:$B$1000,2,FALSE),"")) | E14: =IF(E13="","",IFERROR(VLOOKUP(TEXT(DATE(CONFIG!$B$1,$J$1,E13),"mm-dd"),LECTURAS!$A$2:$B$1000,2,FALSE),"")) | F14: =IF(F13="","",IFERROR(VLOOKUP(TEXT(DATE(CONFIG!$B$1,$J$1,F13),"mm-dd"),LECTURAS!$A$2:$B$1000,2,FALSE),"")) | G14: =IF(G13="","",IFERROR(VLOOKUP(TEXT(DATE(CONFIG!$B$1,$J$1,G13),"mm-dd"),LECTURAS!$A$2:$B$1000,2,FALSE),"")) | H14: 5
